,subject_uuid,day_of_crit,session_date,session_start_time,subject_nickname,performance,performance_easy,n_trials_date,training_day,training_week,reaction_time,median_rt,learning_speed,rt_fast,rt_slow,quiescent_period,rep_errors,bias
0,00778394-c956-408d-8a6c-ca3b05a611d5,25,2019-08-10 00:00:00,2019-08-10 11:24:59,KS019,0.367347,0.367347,196,1,0,[ 6.86369326 11.04878076  5.79447476  7.12784629],7.708698767089913,2,0.5078999999998359,7.810899999999947,0.9355499999999779,53.0,0.20995475113122172
1,019a22c1-b944-4494-9e38-0e45ae6697bf,16,2019-08-27 00:00:00,2019-08-27 14:25:30,SWC_022,0.37224,0.37224,317,1,0,[1.68769553 2.76485664 1.87269827 1.24311662],1.892091765624798,1,0.6182510000001002,2.797501000000011,1.5470000000000255,115.0,10.287109375
2,02120449-9b19-4276-a434-513886c2fb19,50,2019-02-20 00:00:00,2019-02-20 23:58:30,ibl_witten_07,0.304965,0.304965,141,1,0,[ 5.8954  12.00175 14.00895  4.17995],9.021512499999993,3,0.7225504999999828,9.928199999999833,0.8558000000000021,58.0,10.773784355179703
3,05e97eea-64e2-4e52-a78a-5b78875b4fa3,49,2019-03-15 00:00:00,2019-03-15 11:53:29,KS004,0.407407,0.407407,162,1,0,[ 8.92835 10.2257   6.3287   9.6598 ],8.785637500000027,3,0.6686000000000831,9.599000000000046,1.8935500000001184,45.0,2.724416017797553
4,063bc242-80a7-4356-abfe-bc9d475fa8e1,41,2018-09-17 00:00:00,2018-09-17 15:36:43,IBL_16,0.518018,0.518018,222,1,0,[0.45114392 0.62668452 0.63378891 0.6643262 ],0.5939858854617341,3,0.4047379309236874,3.1515774138117862,0.1988215363235213,51.0,1.1344755970924196
5,069f108c-c144-40c1-953d-2502950de79d,15,2019-09-24 00:00:00,2019-09-24 19:51:03,CSK-scan-007,0.343195,0.343195,169,1,0,[4.98630449 7.63100459 5.49313766 5.21172327],5.830542501464841,1,0.6699999999999591,5.749551000000125,1.2998000000000047,60.0,0.9314123376623376
6,0812d02d-d62b-416d-8b66-7956db34ee32,9,2020-02-20 00:00:00,2020-02-20 16:12:11,ibl_witten_19,0.427928,0.427928,444,1,0,[0.79411775 0.72924986 0.94942043 0.74170784],0.8036239705810289,0,0.5334010000000262,1.489500999999791,,102.0,2.9174981384959047
7,082fa374-a10c-4c47-9c50-1c23e7490e30,20,2020-02-17 00:00:00,2020-02-17 11:07:00,SWC_038,0.514905,0.514905,369,1,0,[2.20442678 2.90099495 2.02466606 3.0798245 ],2.552478071777273,2,0.5628010000000359,3.228601000000026,,54.0,1.0331983805668017
8,0867050b-3bfe-4ea9-bdde-2e7b619f97fa,29,2019-11-19 00:00:00,2019-11-19 15:40:54,ZM_2242,0.325843,0.325843,89,1,0,[10.71840979 14.65054523 31.9490022  16.16902229],18.371744875488275,2,0.28855099999987033,16.169701000000032,0.9306000000001404,32.0,4.954166666666667
9,088b6898-0a86-435e-b91f-eab829a846f6,23,2019-05-31 00:00:00,2019-05-31 11:12:44,SWC_005,0.465649,0.465649,262,1,0,[3.4779  5.07835 4.7738  4.3143 ],4.411087500000072,2,0.6476999999999862,4.892100000000141,1.0617500000000177,51.0,1.5149433686518083
10,0932d382-3fd4-4688-88d1-a0156cadd488,4,2019-08-19 00:00:00,2019-08-19 20:45:45,CSH_ZAD_007,0.761329,0.761329,331,1,0,[3.17760998 3.25442628 3.84646836 3.37884375],3.4143370937500777,0,0.6398000000001502,3.776100000000042,1.2746999999999389,22.0,0.9879155188246097
11,0936a724-2151-446f-98b2-92c3e9dd36dc,10,2019-03-04 00:00:00,2019-03-04 15:27:54,CSHL_007,0.342857,0.342857,245,1,0,[4.2453 3.7721 4.2446 2.8908],3.788200000000007,0,0.6020509999999604,4.420601000000033,1.5249000000000024,91.0,7.777777777777778
12,0a47477d-e76f-43d8-a5b3-9b985707ad3f,12,2020-01-28 00:00:00,2020-01-28 09:52:13,DY_013,0.627737,0.627737,411,1,0,[3.90510764 4.36770247 4.3737985  4.15146882],4.199519358337392,1,0.6247510000001739,4.837451000000044,,41.0,1.3486052897817604
13,0bde9528-5bed-4ba5-a95a-a250cd769bbe,57,2019-11-18 00:00:00,2019-11-18 11:24:28,SWC_029,0.459799,0.459799,398,1,0,[1.84091187 1.7265625  1.73815918 2.11694336],1.8556442260742188,3,,,,58.0,0.9320388349514562
14,0cd0b05f-fbee-40c0-b2e2-07708c90dead,31,2020-01-28 00:00:00,2020-01-28 09:53:11,DY_015,0.243446,0.243446,267,1,0,[10.46949165 19.3871671   5.79995039  1.0951522 ],9.1879403349609,3,0.5922504999995795,13.211250500000062,,148.0,32.893217893217894
15,0f47b24d-3909-428c-a18d-666006c7c834,28,2019-10-14 00:00:00,2019-10-14 16:20:43,NYU-11,0.413333,0.413333,150,1,0,[ 9.28509922 10.5625071  29.66737999 14.78889678],16.075970772430402,2,0.467200000000048,20.64810099999977,0.6594500000001062,39.0,1.035
16,0fbb1324-1ac7-445a-8831-8fc2225338ca,5,2019-08-19 00:00:00,2019-08-19 20:28:32,CSH_ZAD_010,0.512766,0.512766,470,1,0,[2.7977106  2.78232288 3.2253834  3.06713928],2.968139037597709,0,0.5678000000002612,3.9468505000006644,,100.0,0.821344398340249
17,10a1fd99-5d9d-4a64-827b-f198627e330f,7,2019-09-24 00:00:00,2019-09-24 19:18:36,CSK-scan-006,0.378378,0.378378,74,1,0,[14.57515919 12.94150726  6.83449355  4.41570093],9.691715234130864,0,0.5069000000000301,11.496599999999972,0.9271000000000242,25.0,4.210416666666667
18,10fd3170-6c52-4cb6-986f-aa73704277c0,14,2019-06-18 00:00:00,2019-06-18 15:56:22,CSHL_015,0.469231,0.469231,260,1,0,[2.6265 2.9771 3.7213 2.2198],2.8861749999999944,1,0.4694999999999254,3.6057999999998174,2.911049999999932,51.0,1.89377998484976
19,11a7eff3-48db-42e3-9727-344270357e24,16,2019-05-27 00:00:00,2019-05-27 14:38:24,ZM_1742,0.520599,0.520599,267,1,0,[5.76875 4.147   4.7524  5.7978 ],5.116487499999991,1,0.4723010000002432,5.791201000000115,0.9643999999999551,35.0,0.91382463690156
20,1208c089-8b8e-4a87-98f0-05a68fb18370,63,2018-09-17 00:00:00,2018-09-17 14:17:28,IBL_13,0.550218,0.550218,229,1,0,[0.65108644 0.75302796 1.18920937 0.97878917],0.893028234851954,3,0.46576567513216105,3.107868363963462,0.1986083339434117,42.0,0.2987339457927693
21,122205e8-0a31-41ce-9632-30e7857a959d,44,2018-08-15 00:00:00,2018-08-15 14:06:49,IBL_35,0.21393,0.21393,201,1,0,[3.9326015  6.19595714 3.92644599 4.97013872],4.756285836379902,3,0.2821089870805906,11.261104686383078,0.198794340249151,139.0,25.441016333938297
22,13e59361-a2e8-4e2d-8636-ae0961fd941c,6,2019-01-29 00:00:00,2019-01-29 17:27:21,ZM_1093,0.508475,0.508475,118,1,0,[ 7.24075 13.2528  14.6595   6.27245],10.356375000000021,0,0.6771000000003369,13.255500000000211,3.122449999999901,22.0,1.9519230769230769
23,155b6df6-02eb-4153-a997-c8dbe283a0dc,21,2019-05-20 00:00:00,2019-05-20 17:33:49,CSK-les-008,0.526515,0.526515,264,1,0,[3.74725 2.33955 4.2319  4.5509 ],3.717400000000019,2,0.568349499999897,5.033451000000014,1.5161000000000513,52.0,1.1825037707390649
24,15f98ab5-20d8-4345-a5de-21912a39575f,29,2019-11-04 00:00:00,2019-11-04 09:36:32,CSHL047,0.4791,0.4791,311,1,0,[5.50010774 5.02569995 6.10561506 6.08054497],5.677991931030262,2,0.6728509999993548,6.579500999999709,1.3229000000001179,53.0,1.5661098373184845
25,16816978-d32d-4647-83b4-055fcf993bf8,10,2020-01-09 00:00:00,2020-01-09 14:42:34,NYU-20,0.373832,0.373832,107,1,0,[20.3418092  37.01866057 33.68729787 29.66255608],30.177580931640534,0,0.6900504999999839,29.751400999999987,,27.0,0.45653735632183906
26,19cf7867-e2d2-4a12-93be-9371fe1a293c,14,2019-03-04 00:00:00,2019-03-04 17:58:37,CSHL_010,0.390181,0.390181,387,1,0,[1.21585 1.3314  1.2678  1.5551 ],1.3425375000000201,1,0.601050999999984,1.8419009999999787,2.1784999999999854,112.0,0.5123833523644525
27,1a8fa9b4-399b-4175-8c32-e552aaa2541b,12,2019-03-25 00:00:00,2019-03-25 15:51:10,ZM_1373,0.389671,0.389671,213,1,0,[6.9255 6.1041 5.8073 5.2855],6.030599999999943,1,0.4981000000000222,6.6530500000000075,1.1978000000000293,67.0,0.4056311142925317
28,1c420533-3f46-43dd-98bf-4a4c30093f11,11,2019-06-03 00:00:00,2019-06-03 09:09:57,CSK-les-009,0.404157,0.404157,866,1,0,[0.56536486 0.43927466 0.43158152 0.41675463],0.46324391381825336,0,0.2987015000003339,2.5614019999998163,,298.0,9.108614232209737
29,1d1e50b4-bbc9-46f6-acf9-f0fe16c3849e,8,2020-02-11 00:00:00,2020-02-11 10:29:55,ZM_3004,0.541387,0.541387,447,1,0,[1.35850117 1.57367764 1.56195645 1.63546611],1.5324003417968868,0,0.5624000000000251,2.718499999999949,,65.0,0.5773541036968147
30,1d785ee9-76b0-42b2-9cd2-3982ccd4bf88,22,2019-05-27 00:00:00,2019-05-27 14:31:55,ZM_1747,0.477541,0.477541,423,1,0,[2.2593  1.4166  1.2213  1.64835],1.6363875000000334,2,0.4224500000000546,3.8473000000000184,0.9497000000001208,83.0,2.8855355171144645
31,1fce4668-e99f-4e50-9f75-961842781a23,81,2018-08-15 00:00:00,2018-08-15 15:12:01,IBL_36,0.287129,0.287129,202,1,0,[1.19213573 1.37167197 1.62244318 1.19275322],1.344751021839329,3,0.2132588804850002,11.322488355031965,0.19910452410840662,117.0,24.496527777777775
32,20086e93-a271-4a57-89fc-15604d8e92c0,11,2020-02-25 00:00:00,2020-02-25 15:13:49,CSH_ZAD_022,0.252717,0.252717,368,1,0,[2.00332989 3.22864436 2.24074202 2.67104966],2.535941481933567,0,0.4539510000000746,3.920101000000159,,195.0,0.03593398667854567
33,204d40b0-7ea8-49b3-835c-05b47ec8801b,6,2019-05-27 00:00:00,2019-05-27 14:43:15,ZM_1746,0.473837,0.473837,344,1,0,[3.1341  3.0708  2.70335 3.3088 ],3.0542625000000783,0,0.5593000000001211,3.899499999999989,1.182649999999967,64.0,0.8596359070935341
34,20712965-a9c8-4112-a4a8-166b31cf1bca,10,2019-07-16 00:00:00,2019-07-16 13:02:23,CSK-scan-002,0.241192,0.241192,369,1,0,[3.20193667 3.03404938 3.6706676  3.74891555],3.413892299819869,0,0.56890199999998,4.326002000000017,,208.0,0.021583945755859254
35,20ed6bed-9bfd-44f9-8c57-a9344e206cfd,15,2019-11-19 00:00:00,2019-11-19 15:10:23,ZM_2245,0.469543,0.469543,788,1,0,[1.58393088 2.05936164 2.15870558 1.85251085],1.9136272392579627,1,0.5649500000000245,2.5103500000000025,1.2401499999999714,139.0,0.9313930348258707
36,217d49ae-ada9-48be-a77e-9704c9e57855,18,2019-03-26 00:00:00,2019-03-26 13:06:44,NYU-01,0.403743,0.403743,374,1,0,[2.92523193 3.09228516 2.64208984 3.53741455],3.04925537109375,1,,,,135.0,0.14485610230291082
37,221b68e7-0014-46ae-b8af-308665d8b478,20,2019-11-12 00:00:00,2019-11-12 10:29:04,CSHL053,0.435714,0.435714,420,1,0,[1.75924395 1.30461094 1.51307168 2.44848555],1.7563530273437493,2,0.4886999999998807,3.2215999999999667,1.7207500000000664,96.0,3.1187445510026155
38,24ccb0ca-c7cb-4cf0-844c-bd426af9bc56,60,2018-09-17 00:00:00,2018-09-17 15:56:12,IBL_17,0.491124,0.491124,169,1,0,[0.77474791 1.1544041  0.69821452 0.56654573],0.7984780631813919,3,0.3340722767528632,4.352698547591672,0.19874968362273648,40.0,0.4642361799088568
39,2714cd11-363a-44bd-b57d-c91870ad0671,33,2019-10-30 00:00:00,2019-10-30 10:34:20,NYU-14,0.466346,0.466346,208,1,0,[6.32917686 6.6135625  6.87957678 4.82610039],6.1621041318358465,3,0.6533494999996492,7.213199999999844,0.7634000000000469,34.0,1.1501699235344096
40,274bb80c-2acc-470a-bfb4-24d38a1b3d06,13,2019-02-07 00:00:00,2019-02-07 20:02:47,ibl_witten_06,0.425,0.425,120,1,0,[6.33999844],6.339998437499958,1,,6.340100000000007,,31.0,0.24
41,27d08c9d-6013-42d8-bab5-1e788f230b2e,45,2019-05-13 00:00:00,2019-05-13 16:20:45,SWC_001,0.277311,0.277311,238,1,0,[5.07595 4.9463  4.4596  4.0585 ],4.635087499999997,3,0.36180100000001403,5.997299999999996,1.0249499999999898,120.0,0.01800064288010286
42,28e692f5-8357-4fd1-be11-22943c560006,17,2020-01-20 00:00:00,2020-01-20 13:58:38,CSHL060,0.504644,0.504644,323,1,0,[3.52893633 5.22262305 4.64891792 5.06127188],4.615437292480578,1,0.4893499999999946,5.2954500000000735,,55.0,0.35235719874804383
43,29a27868-db95-4c6d-a1cc-7c9226f032a3,13,2019-09-03 00:00:00,2019-09-03 13:25:40,CSHL_019,0.425641,0.425641,195,1,0,[7.03389189 4.77720513 8.75485844 4.97136875],6.384331051635764,1,0.7192000000000007,7.971299999999928,1.102200000000039,44.0,0.6748412138320395
44,2a8a62f8-7808-4b41-a259-0aca3cc8b7c8,11,2019-09-17 00:00:00,2019-09-17 16:45:00,ZM_2102,0.453901,0.453901,282,1,0,[3.44560527 2.96822324 3.12110432 4.07000898],3.401235455078165,0,0.6297000000000139,3.7945009999994,0.6865499999998974,52.0,1.6774774774774774
45,2cbfb932-ed7e-47b1-893f-100f9329c21c,25,2019-03-14 00:00:00,2019-03-14 11:30:33,KS003,0.690722,0.690722,97,1,0,[ 7.52965 18.2154  21.6565  15.6639 ],15.766362500000028,2,0.6524999999999181,16.913000999999895,3.4057000000000244,11.0,1.3826086956521737
46,2d4291f4-a426-4fc4-9ef1-8d13bfd450f4,29,2019-08-12 00:00:00,2019-08-12 14:42:19,CSP003,0.471014,0.471014,276,1,0,[3.42429312 4.29034551 5.71155959 3.41940215],4.211400091308519,2,0.49729999999999563,4.652700000000095,1.0591499999999172,42.0,0.8904761904761905
47,2f1b7046-9c58-4076-a7c5-7c386293dc89,7,2019-05-29 00:00:00,2019-05-29 10:14:56,DY_006,0.328571,0.328571,140,1,0,[ 8.85485 11.9375  16.29885 11.3084 ],12.09989999999992,0,0.7159999999998945,13.253199999999996,0.7466999999999189,53.0,0.10974201001155179
48,31b27d1f-4b3c-465f-a6bf-32e870797b4a,18,2020-02-11 00:00:00,2020-02-11 18:39:31,ZM_3003,0.408228,0.408228,316,1,0,[2.28960293 2.52455166 1.89775371 2.49193555],2.300960961913958,1,0.567000000000121,3.252699999999976,,79.0,3.2721238938053094
49,33eeea5f-f287-4234-85bd-512900d63c1f,45,2019-08-12 00:00:00,2019-08-12 11:32:00,SWC_017,0.295082,0.295082,183,1,0,[9.10854644 8.25608457 5.2107373  6.86572236],7.360272668457,3,0.5125000000000455,8.256399999999985,0.9934000000000651,84.0,14.144444444444444
50,34d5b181-e7c8-4022-aab7-fce1e2640b57,42,2018-10-15 00:00:00,2018-10-15 16:55:37,IBL_45,0.306452,0.300813,124,1,0,[3.62449507 4.57204946 2.53796541 3.26007991 3.84053744],3.5670254585915244,3,0.3984342463537871,6.442072753099239,0.19820054338197224,63.0,0.2137784090909091
51,34ff50d4-42cf-41f7-8c38-ab631ca84d74,26,2019-02-09 00:00:00,2019-02-09 11:35:52,IBL-T4,0.263804,0.263804,163,1,0,[28.1702  17.70625 34.9075  32.66   ],28.360987500000192,2,0.8050010000006296,37.807950500000175,2.302099999999882,78.0,0.09578651685393258
52,3614ee37-c892-4eb4-ab83-f6c1f3804977,33,2019-11-12 00:00:00,2019-11-12 12:27:22,CSHL055,0.46789,0.46789,327,1,0,[3.0012832  2.85990496 3.36717318 3.05821523],3.0716441426390855,3,0.4772494999999708,3.6088999999997213,1.3484999999999445,65.0,2.1064741709903
53,39b5e079-a67f-4b70-99d9-e11f3fbc7cc8,18,2019-07-16 00:00:00,2019-07-16 14:25:03,CSK-scan-003,0.359551,0.359551,445,1,0,[1.63402102 1.73962118 1.40989521 1.74081523],1.6310881623534073,1,0.5849500000001058,2.3957000000000335,1.2206999999999653,170.0,11.252260134149898
54,3b6b41b6-68bb-4a9a-bfeb-5f8cf97a1c2a,15,2019-05-27 00:00:00,2019-05-27 13:46:27,ZM_1745,0.442105,0.442105,190,1,0,[3.545   7.6185  7.08115 5.7371 ],5.995437500000004,1,0.649599999999964,6.8962010000002465,1.9780999999999977,42.0,0.36825188107239387
55,3e97e1d3-2a0f-44e5-b63f-36196d78457a,35,2018-08-15 00:00:00,2018-08-15 13:06:51,IBL_34,0.165714,0.165714,175,1,0,[ 2.162092    4.31949263  4.57885174 10.07350637],5.283485687697976,3,0.24195532306498535,18.109339450415405,0.19886213571589906,132.0,94.42105263157895
56,3eee82bf-8ccf-42ac-9e26-472caed5f265,9,2019-03-26 00:00:00,2019-03-26 13:56:05,NYU-02,0.415493,0.415493,426,1,0,[4.6307 3.5659 3.355  4.6546],4.05155000000002,0,0.5774510000003374,4.73570100000029,0.9985000000001492,127.0,0.14731424214182834
57,3fa7fdbe-92b4-4836-b6e7-4ee1c4ba2d2a,10,2019-05-20 00:00:00,2019-05-20 16:53:07,CSK-les-006,0.481707,0.481707,328,1,0,[1.3931 2.4767 1.2724 0.9011],1.5108250000000254,0,0.5209999999999582,2.729049999999944,1.1559000000000026,79.0,1.0374027756596005
58,3fca1698-9df3-4c2c-bb91-a78d95e1eb44,8,2019-10-09 00:00:00,2019-10-09 12:43:18,dop_8,0.369146,0.369146,363,1,0,[2.8436374  2.4802127  2.10595216 1.57257168],2.2505934837341526,0,0.532549999999901,3.1239000000000487,1.062199999999848,106.0,5.4080332880434785
59,43e29661-4f4e-4bee-8f7f-4e7853e53356,12,2019-09-17 00:00:00,2019-09-17 10:20:27,ZM_2108,0.48285,0.48285,379,1,0,[2.02881038 2.47456311 2.03092991 2.07638215],2.1526713857422806,1,0.6893010000001141,2.670700999999781,,75.0,0.6001055130572408
60,45908f39-0e44-4c6d-aeb9-6b1de36f9208,79,2019-02-20 00:00:00,2019-02-20 11:07:46,dop_3,0.39886,0.39886,351,1,0,[3.1822 3.2823 2.809  3.8829],3.2891000000000172,3,0.4911999999999921,4.302199999999857,1.0666000000001077,105.0,0.18788421265959604
61,45c4db5f-9bcd-47e2-acf2-8b7e882848fd,36,2019-07-14 00:00:00,2019-07-14 10:28:23,LTC01,0.433628,0.433628,113,1,0,[ 5.89471387 23.86716758 13.58549977  5.92312578],12.317626750183049,3,0.5950999999997748,11.067400000000077,0.641399999999976,20.0,0.4715496368038741
62,475acc5f-64f7-4f28-9722-5f60ce553f91,5,2019-05-29 00:00:00,2019-05-29 10:10:55,DY_007,0.792818,0.780063,724,1,0,[0.5587 0.5832 0.428  0.3037 0.4931 0.5925],0.4931999999998453,0,0.40399999999999636,1.8419010000002345,2.809400000000096,30.0,1.16753165184622
63,47d55843-2e2c-4ade-ad26-98d8f93cd7af,5,2019-07-08 00:00:00,2019-07-08 17:36:18,dop_4,0.511254,0.511254,311,1,0,[3.54561221 3.02724888 2.9370668  3.78182969],3.3229393920898707,0,0.46270000000004075,4.535300500000005,1.8188000000000102,49.0,1.1670247046186895
64,49ddf617-fb2b-4f80-97ef-03883d6daa72,18,2020-01-09 00:00:00,2020-01-09 13:42:41,SH008,0.330275,0.330275,109,1,0,[13.65016381 24.26538525 28.4912418  19.7807741 ],21.546891238769533,1,0.3504990000001271,24.793799000000035,,38.0,0.19504977132095777
65,4ba96259-4afe-42fa-89b6-f2f8d361bf44,15,2019-01-29 00:00:00,2019-01-29 14:44:44,ZM_1095,0.371981,0.371981,207,1,0,[3.75885 2.23855 5.44135 3.6207 ],3.7648624999999996,1,0.5291999999999462,5.138899499999951,1.5047999999999888,69.0,6.472835820895523
66,4c9577b3-bdd5-4a15-b15b-5bc24a4439d3,22,2019-02-27 00:00:00,2019-02-27 15:55:40,CSHL_002,0.469925,0.469925,266,1,0,[5.344   3.7652  3.3733  2.35275],3.708812500000022,2,0.510600500000038,4.6439519999999845,1.9903500000000207,66.0,3.81428927059995
67,4db0b36d-9b85-4cae-8d93-a68998c581fc,21,2019-08-12 00:00:00,2019-08-12 11:22:30,SWC_013,0.183908,0.183908,174,1,0,[ 2.5673795  10.32223184  3.86532148  8.11240078],6.2168334013670545,2,0.36770000000001346,9.35089999999991,1.1590499999999793,114.0,0.008117706747843734
68,4db14483-21ff-4102-a71f-07434e8a1396,15,2019-09-23 00:00:00,2019-09-23 13:49:57,KS021,0.481481,0.481481,324,1,0,[2.90159142 3.43192644 2.44889294 2.4607    ],2.810777700683616,1,0.6736999999999398,3.1480504999999948,1.3242500000000064,46.0,1.2189189189189187
69,4dc08527-efd9-41c7-b907-f610f3ad41ae,10,2019-08-09 00:00:00,2019-08-09 17:37:46,CSH_ZAD_004,0.478448,0.478448,232,1,0,[3.41663264 4.41829221 6.08898478 3.70811656],4.408006548339863,0,0.5361509999999612,4.584000499999959,0.7048500000000217,40.0,2.9359781121751025
70,4e2695cb-77c4-44a5-a059-80b1ea9c75ab,14,2020-01-28 00:00:00,2020-01-28 11:28:28,DY_014,0.527149,0.527149,442,1,0,[3.71734738 3.34681993 4.56910118 4.47292237],4.0265477167967845,1,0.6253004999997529,4.791000999999596,,86.0,0.506141684402554
71,4e4b8689-cfc7-40b1-986a-b8d642920c98,23,2019-09-19 00:00:00,2019-09-19 12:44:41,CSP004,0.216667,0.216667,420,1,0,[3.33092678 4.25214084 2.73235178 2.98870042],3.326029955322248,2,0.520600999999715,3.4379999999998745,0.7690999999999804,243.0,0.028235294117647056
72,4eb8afda-a4d9-4314-8956-cdf773223fe5,8,2019-09-17 00:00:00,2019-09-17 16:41:24,ZM_1897,0.509202,0.509202,326,1,0,[2.13702705 2.42752739 2.43326094 2.81923975],2.454263781738362,0,0.7016000000000986,2.7326000000000477,1.239099999999894,39.0,0.5716670571696345
73,4ebed911-f6c9-4c11-866f-31e26f191a5b,14,2020-01-20 00:00:00,2020-01-20 13:55:42,CSHL058,0.462766,0.462766,376,1,0,[4.55019475 5.15400225 4.52958535 4.46837891],4.675540313720688,1,0.5420999999998912,5.056950000000143,,76.0,0.3345132743362832
74,4f091667-90b9-4469-88f4-542c1ec07891,12,2019-03-04 00:00:00,2019-03-04 16:18:05,CSHL_008,0.457413,0.457413,317,1,0,[2.47175 3.1709  2.7965  2.9389 ],2.8445124999999045,1,0.46564950000004046,3.558400000000347,1.3474999999999682,62.0,2.346332046332046
75,50883573-cf52-409f-907a-3920ed1fe479,43,2018-10-15 00:00:00,2018-10-15 17:47:13,IBL_47,0.409722,0.412587,144,1,0,[1.8534327  2.4743155  0.94108216 2.85077873 1.99241673],2.022405165020609,3,0.5316898584179626,5.8223798110992675,0.19840432214550674,53.0,0.2222938144329897
76,52a800fc-cbbc-45e9-97b1-ad6f6166e9af,45,2018-08-23 00:00:00,2018-08-23 14:21:14,IBL_1,0.414634,0.414634,369,1,0,[0.69308737 0.78089015 0.59009657 0.61059633],0.6686676049066591,3,0.33909581838918257,1.792575662938873,0.19928738806629553,140.0,0.542366124817292
77,544583b3-bc39-41b8-93ac-1506494d9859,19,2019-11-12 00:00:00,2019-11-12 12:26:58,CSHL051,0.36,0.36,150,1,0,[8.40207676 7.20969907 8.13340967 9.75410381],8.374822326660109,2,0.5271000000000186,8.402399999999943,,10.0,0.35984848484848486
78,544583b3-bc39-41b8-93ac-1506494d9859,19,2019-11-12 00:00:00,2019-11-12 12:53:18,CSHL051,0.36,0.36,150,1,0,[15.12385107  6.32930459  9.61330762 12.64305459],10.927379467773406,2,0.36504999999991483,11.481899999999769,0.666499999999985,33.0,0.350188679245283
79,54dfc265-8670-4178-abe2-d3ebb21c1b64,9,2019-08-20 00:00:00,2019-08-20 13:47:16,LTC08,0.471429,0.471429,350,1,0,[3.30711965 2.77672053 2.90173752 1.56879048],2.6385920463868047,0,0.6514009999999644,3.746450499999993,1.4391000000000531,75.0,2.465311004784689
80,54edfc98-ce84-471c-94a3-c748552fbc22,9,2018-12-17 00:00:00,2018-12-17 17:36:24,ibl_witten_03,0.42233,0.42233,206,1,0,[5.14852407 6.53677861 5.93054277 8.54573685],6.540395577636772,0,0.3392500000001064,7.442000000000007,,57.0,0.16039279869067105
81,55381f61-4e47-4baa-beb9-70068c0ad62c,42,2018-10-15 00:00:00,2018-10-15 17:20:11,IBL_46,0.416667,0.413953,216,1,0,[0.51913531 0.91709045 3.22723123 0.70384562 0.75285631],1.2240317826683167,3,0.3941644469325354,2.5962447857516793,0.19885258303838782,91.0,0.21942179392142327
82,562b327c-fd1d-4554-b608-c7de08c5849c,46,2019-07-01 00:00:00,2019-07-01 10:55:35,SWC_008,0.333333,0.333333,81,1,0,[15.90108212 17.57909631 30.74966759 18.66445636],20.723575594482433,3,0.31229999999999336,23.13140099999987,0.8506999999999607,24.0,0.25555555555555554
83,5644f7a6-e206-4da3-bd35-81d0f32153bb,18,2019-10-30 00:00:00,2019-10-30 11:14:29,NYU-13,0.37535,0.37535,357,1,0,[3.13476562 3.46166992 3.21600342 2.53657532],3.0872535705566406,1,,,,126.0,7.68
84,56a0f31c-96b1-432e-b209-dc7b71f0f61a,11,2019-09-03 00:00:00,2019-09-03 11:56:11,CSHL_018,0.306991,0.306991,329,1,0,[5.092977   4.7259895  3.82972168 3.5394588 ],4.297036746093781,0,0.7578499999999622,5.2872999999995045,1.3375000000000004,160.0,20.694096601073348
85,5848e7f4-447d-42eb-9676-c914740df807,57,2019-03-04 00:00:00,2019-03-04 14:38:49,CSHL_006,0.450495,0.450495,202,1,0,[5.21681057 5.57928791 3.46023459 5.26914122],4.881368575195282,3,0.42790099999990616,5.8206514999997125,,48.0,1.4754851889683351
86,5ba2da46-8213-4dd1-ac4e-3dc1eafd7141,7,2019-10-01 00:00:00,2019-10-01 13:58:36,KS025,0.45679,0.45679,324,1,0,[2.61266484 3.26619531 3.67208472 2.25905703],2.952500476074178,0,0.5826999999999316,3.4113499999999704,0.9610999999999876,77.0,4.355073121991098
87,5cff8b1f-288e-4725-83b6-d2f9b6c7ab45,23,2019-08-27 00:00:00,2019-08-27 13:30:34,SWC_021,0.346479,0.346479,355,1,0,[1.74787571 2.0526344  2.04123243 1.87042678],1.928042330078199,2,0.6336499999999887,2.343800999999985,1.2435999999997875,125.0,0.12118808390622245
88,5d5f0cf1-35de-4cc5-aa52-c97d1485dfc5,34,2019-08-12 00:00:00,2019-08-12 12:11:09,SH002,0.468208,0.468208,173,1,0,[6.99408384 9.93715439 9.6803875  5.21456387],7.956547399902249,3,0.7616999999999905,8.845400000000154,1.2051000000001295,37.0,0.403305785123967
89,5d6f64dd-b6ca-4ab5-b412-6bf837dd7d70,22,2019-05-27 00:00:00,2019-05-27 13:39:10,ZM_1744,0.509202,0.509202,326,1,0,[3.4631 3.268  3.6406 3.2065],3.3945500000000024,2,0.5146010000001411,4.347001000000262,0.7655500000000757,44.0,1.1306089743589742
90,5d9fe158-5aab-4c2d-b1ae-88014d5f3ee0,27,2019-11-13 00:00:00,2019-11-13 10:22:26,SH011,0.168269,0.168269,208,1,0,[ 8.57904053 53.89611816 19.92602539  7.37426758],22.443862915039062,2,,,,128.0,0.016447688564476887
91,5df6e2f2-cc8e-486f-a23d-219125e496fa,8,2019-01-22 00:00:00,2019-01-22 15:18:02,ZM_1085,0.440329,0.440329,243,1,0,[4.7603 4.1737 3.3554 5.4728],4.440550000000002,0,0.7379010000001927,5.120850999999902,1.3006999999997788,70.0,0.5583941605839415
92,5f756084-afaf-4c88-96b5-ed29401dbd2f,27,2020-01-10 00:00:00,2020-01-10 17:49:53,CSH_ZAD_011,0.421053,0.421053,114,1,0,[13.19621155 10.99430542 11.19534855 15.71357539],12.774860227722147,2,0.6562000000000126,12.85890100000006,,30.0,0.3313432835820896
93,60fe80b7-7506-4885-8c36-e8622025780c,18,2019-08-09 00:00:00,2019-08-09 16:50:24,CSH_ZAD_001,0.444444,0.444444,117,1,0,[13.84414026 10.79296177  9.94111702  9.1804386 ],10.939664409179613,1,0.4968014999999468,10.260302000000138,0.705600000000004,13.0,0.772635814889336
94,64429801-3be6-40cf-ae95-1b74e4fa189e,33,2019-09-19 00:00:00,2019-09-19 12:47:37,CSP005,0.456081,0.456081,296,1,0,[7.3866719  6.84255139 5.99221963 7.58033763],6.950445137695397,3,0.5930005000001302,7.241051500000026,0.7297000000000224,79.0,0.5719223985890652
95,64781a98-8ed4-48af-8511-477b6ac541f2,79,2019-02-20 00:00:00,2019-02-20 10:56:40,dop_1,0.178571,0.178571,84,1,0,[19.505  20.2264 27.0837 21.0395],21.963649999999998,3,0.36184950000000526,22.00445049999962,0.7236500000001342,42.0,12.493506493506493
96,6904fd86-a05a-4a0e-9c3d-fbaa2c4eb3aa,35,2018-10-15 00:00:00,2018-10-15 16:31:11,IBL_44,0.431034,0.431034,174,1,0,[2.26588401 2.78800519 2.15071957 2.92219578],2.5317011402221397,3,0.3227143799908845,4.762425870120069,0.19840222809580155,68.0,0.42145938173975556
97,6912fe58-e41f-4733-9e1b-552d1552fb0c,26,2018-08-23 00:00:00,2018-08-23 14:46:23,IBL_3,0.405941,0.405941,202,1,0,[2.0953307  1.65339048 2.20816781 1.71727702],1.9185415026295232,2,0.3791631803927089,3.075612465179006,0.19886922847945243,79.0,2.8888689084696995
98,691ccb90-95e6-48f0-a78b-4c10e66389cd,5,2019-09-24 00:00:00,2019-09-24 19:23:18,CSK-scan-005,0.545455,0.545455,264,1,0,[3.27094338 4.33435508 3.4179634  4.65979424],3.920764025390582,0,0.6158000000000357,4.597750500000075,0.7610000000000241,42.0,1.9651046859421732
99,6b827ce6-e3f1-4e40-81d4-6ecdf6f04668,9,2020-02-20 00:00:00,2020-02-20 14:20:31,ibl_witten_17,0.403279,0.403279,305,1,0,[3.30215918 3.18541436 2.25183201 1.53276251],2.5680420134276734,0,0.4861999999998545,3.7673999999999523,,96.0,4.146825396825396
100,6d3a3635-05cd-4f5b-97c5-2c129b812a33,9,2019-03-13 00:00:00,2019-03-13 09:19:28,DY_003,0.524194,0.524194,372,1,0,[4.12215 4.0322  4.17895 2.3246 ],3.6644749999999107,0,0.7183004999998843,4.880000500000108,1.817299999999932,80.0,0.37964581591548224
101,6dcef540-d5f2-41d0-9233-55e0da87fe59,14,2019-05-27 00:00:00,2019-05-27 17:43:14,ZM_1743,0.423963,0.423963,217,1,0,[6.2495  5.82745 8.85575 5.0737 ],6.501599999999826,1,0.4177999999999429,6.691699999999983,1.5562999999999647,57.0,0.1893020393811533
102,6e1e46eb-a742-4385-926c-db14a8f9347f,17,2019-02-25 00:00:00,2019-02-25 13:33:58,CSHL_003,0.449275,0.449275,138,1,0,[8.018  6.9672 6.6637 6.6181],7.066749999999985,1,0.3971010000000774,6.9965005000000815,2.012049999999931,27.0,0.6383928571428572
103,71b6e794-e4f5-4c4b-977b-3780b3fd731f,6,2019-03-24 00:00:00,2019-03-24 13:51:53,ZM_1220,0.445682,0.445682,359,1,0,[1.4861 2.2124 2.4628 2.4567],2.1544999999999987,0,0.621599999999944,2.652399999999874,1.9002000000000407,76.0,1.734672569328433
104,726e6b19-e9ef-4e37-a7d7-986d5bcd551c,23,2019-08-08 00:00:00,2019-08-08 11:50:13,ibl_witten_15,0.424731,0.424731,372,1,0,[1.23145215 1.32558944 1.25989141 1.30071563],1.2794121550293696,2,0.5097999999999843,2.715699999999913,1.477649999999926,100.0,0.24760227050303385
105,72c817c7-dda4-4036-ae1e-5632cfde2b99,11,2020-02-11 00:00:00,2020-02-11 18:36:20,ZM_3002,0.401345,0.401345,446,1,0,[2.56854767 2.74410154 2.76822873 2.54430588],2.6562959555664207,0,0.625801000000024,2.8101010000000315,,57.0,0.4483919222139117
106,72c817c7-dda4-4036-ae1e-5632cfde2b99,11,2020-02-11 00:00:00,2020-02-11 19:18:47,ZM_3002,0.401345,0.401345,446,1,0,[2.85995483 4.36257676 4.08007568 4.28562637],3.89705841064459,0,0.8042000000000371,4.389300000000048,,63.0,0.05460824519749622
107,74036f53-b224-4f21-ae6a-ac19b7f95404,8,2019-11-13 00:00:00,2019-11-13 10:26:19,SH012,0.449721,0.449721,358,1,0,[7.05529785 5.34783936 4.94281006 7.47753906],6.20587158203125,0,,,,67.0,0.6423895253682488
108,7776c0a9-23ef-4e62-90fc-56adee291782,19,2019-10-14 00:00:00,2019-10-14 16:18:51,NYU-09,0.227679,0.227679,224,1,0,[7.39531467 7.21541594 4.07204435 8.88481924],6.891898551055893,2,0.6405490000000214,8.303899500000028,0.8029499999998961,129.0,52.48571428571428
109,787af8d0-46db-4f32-bb5f-353c17d11e6c,13,2019-06-18 00:00:00,2019-06-18 14:58:48,CSHL_014,0.439153,0.439153,189,1,0,[4.8934  2.1776  2.9658  3.17185],3.3021624999999943,1,0.39824999999995825,4.689999999999941,2.2794000000000096,56.0,1.0220888355342137
110,79220479-3f1f-43d7-af79-c8001eaa5e3a,20,2019-08-10 00:00:00,2019-08-10 11:37:53,KS017,0.464052,0.464052,153,1,0,[3.67620703 8.06604375 4.62726934 9.97380303],6.585830786132888,2,0.5497000000000298,8.061200000000099,1.537499999999909,36.0,0.36170212765957444
111,79dc7d34-79cd-4bd1-9d7f-cbd0fc8d8f90,43,2019-07-29 00:00:00,2019-07-29 09:48:00,SWC_012,0.435115,0.435115,262,1,0,[2.72750041 3.15511855 3.66920148 4.15887248],3.427673232421853,3,0.4134010000007038,5.427700000000073,,70.0,0.3453850676072898
112,7c751b49-55a6-4eac-9bdb-367faf2a18ee,65,2018-08-23 00:00:00,2018-08-23 16:04:09,IBL_10,0.558621,0.558621,290,1,0,[0.26539154 0.39206955 0.42163048 0.49143499],0.39263164238946047,3,0.2723312881086031,1.6171585281914105,0.19912470498820767,58.0,0.9462962962962964
113,7d334e82-1270-4346-86c2-4a8b7530946d,13,2019-08-08 00:00:00,2019-08-08 11:38:45,ibl_witten_13_,0.485333,0.485333,375,1,0,[1.80583694 1.47561545 2.76337637 1.61322012],1.9145122187500476,1,0.4678999999998723,3.298650499999951,1.1095000000000255,67.0,1.0325332562174667
114,7dfc4f76-3ab2-4d2b-9e01-f8c76e47f770,6,2019-09-24 00:00:00,2019-09-24 20:08:53,CSK-scan-008,0.528302,0.528302,212,1,0,[3.45359412 3.09775031 3.37267038 2.83204348],3.189014570945744,0,0.7330010000000087,3.633701000000002,1.5206999999999766,29.0,0.5035128805620609
115,808d713e-2e6e-4b2e-ac84-a946a5a5fa9e,33,2019-09-23 00:00:00,2019-09-23 13:39:35,KS020,0.537572,0.537572,173,1,0,[7.4386012  6.7418928  9.27105998 7.31248967],7.691010912109391,3,0.9164010000004055,7.737350999999762,1.5643999999999778,33.0,2.3322884012539187
116,80c0046a-6d44-4524-a4e4-164ada6bedca,33,2019-10-14 00:00:00,2019-10-14 16:16:30,NYU-08,0.383378,0.383378,373,1,0,[5.77837279 5.20091708 4.74660317 4.6985037 ],5.106099183593685,3,0.6997019999998884,5.237901999999963,,115.0,0.18670848267622464
117,82a45288-a291-43f2-a3ef-6ee77f98abd6,7,2019-01-22 00:00:00,2019-01-22 16:59:45,ZM_1084,0.562992,0.562992,254,1,0,[2.1012 3.6737 5.1949 5.9543],4.23102499999996,0,0.787900000000036,5.509500000000031,0.8267500000000609,25.0,0.8649459783913566
118,842920aa-52e0-401c-8a81-260216b220fa,11,2020-02-11 00:00:00,2020-02-11 10:26:59,ZM_3006,0.397683,0.397683,259,1,0,[4.65166329 4.44302325 4.32177842 4.46497014],4.47035877636722,0,0.40505099999973027,4.921001000000047,,78.0,7.771241830065359
119,85d379ee-a5d6-4adf-a611-16603494bcbb,11,2019-09-17 00:00:00,2019-09-17 13:36:00,ZM_1928,0.544554,0.544554,202,1,0,[4.60020422 4.53414084 5.2868707  4.32748166],4.687174358398437,0,0.47860000000014224,5.141201000000365,1.019900000000007,26.0,0.6790705650347253
120,87caaddb-2863-42f7-b7d9-804bfba9c599,27,2019-02-07 00:00:00,2019-02-07 17:51:41,ibl_witten_05,0.470948,0.470948,327,1,0,[3.0546  4.2025  3.72095 2.4935 ],3.3678874999999664,2,0.5129009999996015,4.101600000000104,1.1778999999999087,59.0,1.7657271241830064
121,892316ab-346c-4592-a4ea-ee5e668fbdaa,48,2019-07-01 00:00:00,2019-07-01 10:50:50,SWC_009,0.438596,0.438596,171,1,0,[ 5.02902734  8.76693662 11.26333242  7.64132109],8.175154370117369,3,0.6789999999999736,9.04520000000008,0.7862999999999829,41.0,1.440084835630965
122,8b79e73e-20f9-4bdc-a78e-341511d893ca,8,2019-01-29 00:00:00,2019-01-29 17:23:37,ZM_1098,0.5625,0.5625,128,1,0,[ 6.84645  7.2955  14.18715  7.2455 ],8.893650000000008,0,0.6567000000000149,9.01680000000033,2.9889499999999316,13.0,0.7896464646464646
123,8b8c6499-b56b-4ac2-8394-90d057d50f94,10,2019-05-20 00:00:00,2019-05-20 16:40:23,CSK-les-007,0.408946,0.408946,313,1,0,[2.9818 4.2206 3.6171 2.4266],3.311524999999989,0,0.5744009999999093,4.4237999999999715,1.0014000000001033,95.0,5.622209302325581
124,8d652d52-a278-4a7d-afaf-2ec214e19b94,8,2019-08-09 00:00:00,2019-08-09 17:37:24,CSH_ZAD_003,0.395522,0.395522,268,1,0,[2.59679604 3.22445665 3.44470225 2.78331666],3.0123179013672114,0,0.4618999999999005,3.332500000000209,1.3459500000000162,73.0,5.015276145710928
125,8d839b64-f257-4138-b797-c8eb3289610d,35,2019-06-12 00:00:00,2019-06-12 16:19:22,KS010,0.433962,0.433962,106,1,0,[15.17145 28.6207  27.07085  9.8244 ],20.17185000000002,3,0.5506010000000288,16.64710100000002,1.357849999999977,25.0,2.2894736842105265
126,8e283b43-3a44-4f30-b292-d6d975c7f935,25,2018-12-17 00:00:00,2018-12-17 16:17:51,ibl_witten_02,0.450909,0.450909,275,1,0,[3.2167  3.45405 2.9031  2.7639 ],3.084437500000007,2,0.5350020000005316,5.647901999999931,1.2743999999997868,84.0,0.17319081323125812
127,8f6fc7ce-4de0-4b8b-973b-72fd70145b9c,43,2019-02-25 00:00:00,2019-02-25 17:26:41,CSHL_004,0.505952,0.505952,168,1,0,[7.571  6.14   9.1194 8.2132],7.760899999999978,3,0.6605009999999982,8.21360100000004,2.078050000000019,27.0,0.9764639955169515
128,9253d979-544b-401c-93f8-5c5cd9793a11,31,2019-09-17 00:00:00,2019-09-17 13:33:39,ZM_1898,0.498371,0.498371,614,1,0,[0.85065924 0.72069885 0.63882373 0.80934473],0.7548816374512342,3,0.4183999999999628,2.0885000000000673,1.4468500000000404,77.0,1.0955376493470408
129,9471b0ff-0027-4f06-94d8-0613e88f3878,17,2019-03-25 00:00:00,2019-03-25 15:42:20,ZM_1371,0.47807,0.47807,228,1,0,[1.9467  2.16815 4.0072  1.9996 ],2.530412500000054,1,0.5034004999997705,3.498350000000187,3.2224499999999985,54.0,0.7415999999999999
130,9540b01b-fa1e-4d1e-872b-0b4ccaae3888,27,2018-08-28 00:00:00,2018-08-28 15:25:45,LEW010,0.455696,0.455696,79,1,0,[ 4.58322156  2.65115505  6.10557776 13.28463926],6.65614840566559,2,0.31190584104462005,6.454097879513412,0.19781948253512383,23.0,1.4266975308641974
131,9b2cfcfe-8f57-44b0-b6e9-e1c7b9e6d8a2,26,2019-07-14 00:00:00,2019-07-14 11:16:43,LTC02,0.43299,0.43299,97,1,0,[ 8.6440928   9.21143207 18.43855716 30.1999019 ],16.62349598324584,2,0.7108000000000629,17.89994999999996,0.7625000000000455,27.0,0.35461956521739135
132,9bebfe0b-082e-4d66-aca7-fae29317f708,16,2019-11-04 00:00:00,2019-11-04 10:55:49,CSHL049,0.522168,0.522168,203,1,0,[9.53009258 5.06138818 6.74924365 5.78496006],6.781421118164147,1,0.6321999999999548,7.724900000000048,1.347099999999955,34.0,2.013397561342767
133,9da5f0d1-56b3-47ee-9916-1805c836a651,23,2019-07-08 00:00:00,2019-07-08 16:29:47,dop_5,0.492063,0.492063,504,1,0,[1.29448712 1.42116953 1.94379512 1.62884687],1.572074661132774,2,0.39850000000001273,3.3463000000001557,1.3186000000000604,85.0,0.3249475890985325
134,9e4cdc50-1d31-40c2-9e59-c39ee0cfce7f,18,2018-12-17 00:00:00,2018-12-17 15:21:44,ibl_witten_01,0.255319,0.255319,47,1,0,[42.33845 35.6026  37.30245 51.8551 ],41.77465000000002,1,0.36400000000003274,44.954550500000096,0.5988999999999578,15.0,1.0
135,9eb0fe50-9709-4a91-977c-37c8b51a0e48,19,2019-09-17 00:00:00,2019-09-17 13:38:48,ZM_2101,0.448276,0.448276,609,1,0,[0.70702201 0.68658906 0.79158633 0.65073164],0.7089822602539755,2,0.4397000000001299,3.3493500000002996,0.8656999999999471,125.0,0.794097726173198
136,a44a4d9d-c0ea-447e-801e-6215e05072ea,12,2019-08-27 00:00:00,2019-08-27 14:32:06,SWC_023,0.391089,0.391089,404,1,0,[1.11858838 0.88333849 1.42215244 1.62786105],1.2629850888671683,1,0.4951009999999769,2.1355504999997947,1.4638499999999937,138.0,0.14675928098746888
137,a5b9ace4-b6cc-4b39-bf9b-c7c0e5d75560,31,2019-08-12 00:00:00,2019-08-12 14:39:19,CSP001,0.492806,0.492806,278,1,0,[4.57371365 4.04039971 3.91137151 3.62899475],4.038619903442511,3,0.6277500000000487,4.740449500000409,1.2410999999998467,63.0,0.6466836734693877
138,a9421832-3e50-4ace-9571-437fd2d7ac8e,27,2019-04-08 00:00:00,2019-04-08 13:17:52,IBL_002,0.385,0.385,200,1,0,[5.704  5.6457 5.1098 5.8357],5.573799999999986,2,0.4090990000001966,6.752500000000055,0.8256499999999818,71.0,0.14208598419124735
139,a96219e4-7f82-4572-bb38-83b84c5706ab,34,2019-09-17 00:00:00,2019-09-17 11:25:05,ZM_2106,0.417989,0.417989,378,1,0,[1.45401506 1.44191938 1.5768937  1.83870269],1.5778827080078628,3,0.4453504999999609,2.261050499999982,1.0618000000000052,114.0,4.528526645768025
140,a9902991-8322-4ade-9662-a20e1c7fbc64,18,2019-05-27 00:00:00,2019-05-27 11:19:20,ZM_1739,0.509554,0.509554,314,1,0,[3.5478 3.2518 2.837  2.9518],3.1471000000000195,1,0.6043999999999414,3.590100999999777,2.0791999999999007,47.0,1.3946439793106784
141,aa81e2a0-d7b9-4277-9493-5e7d9fbe042a,19,2019-09-03 00:00:00,2019-09-03 14:12:30,CSHL_020,0.40133,0.40133,451,1,0,[2.09134263 3.04528182 2.12597949 2.70699951],2.4924008632812473,2,0.38789999999994507,3.7924999999999613,,35.0,3.475757575757576
142,aa81e2a0-d7b9-4277-9493-5e7d9fbe042a,19,2019-09-03 00:00:00,2019-09-03 14:38:29,CSHL_020,0.40133,0.40133,451,1,0,[1.62928835 1.43640331 2.1646014  2.84190235],2.0180488535766674,2,0.5164510000000062,2.9785004999999813,,20.0,6.46875
143,aa81e2a0-d7b9-4277-9493-5e7d9fbe042a,19,2019-09-03 00:00:00,2019-09-03 14:49:16,CSHL_020,0.40133,0.40133,451,1,0,[3.24678369 4.02055371 2.6806463  2.60180041],3.137446028778056,2,0.5261000000000422,4.599451499999873,0.9803000000000566,66.0,6.300000000000001
144,ac6a0b24-026d-4e14-9fc1-c35db7ce9cd1,25,2019-08-12 00:00:00,2019-08-12 11:28:13,SWC_018,0.464832,0.464832,327,1,0,[1.84789231 2.40220804 2.5833871  2.51629043],2.3374444704589514,2,0.5407990000001064,2.8356994999999756,1.5255999999999972,92.0,0.15348743275744947
145,ac7dfc1e-0c3c-4a83-a52b-c16fd6ec0a94,14,2019-02-25 00:00:00,2019-02-25 18:16:46,CSHL_005,0.494595,0.494595,370,1,0,[2.2135 2.2107 2.0643 2.1513],2.15995000000002,1,0.5149019999998927,3.0158010000000104,1.4877499999999948,73.0,3.642857142857143
146,aca644d4-e7a0-4e67-95e1-342c2db95bc8,54,2019-11-18 00:00:00,2019-11-18 11:28:06,SWC_030,0.420588,0.420588,340,1,0,[3.86743516 4.01680508 3.5438584  4.08219539],3.877573504638818,3,0.5737000000001444,4.67470000000003,0.9524000000000115,92.0,0.6936758893280632
147,adf9e948-262f-4fa0-84c6-85dae8a384b3,9,2019-08-19 00:00:00,2019-08-19 19:28:29,CSH_ZAD_006,0.5,0.5,518,1,0,[1.65764922 1.62287695 1.82688906 2.30431191],1.852931787109469,0,0.34875000000010914,3.0946509999998852,1.332300000000032,93.0,0.656412157153447
148,b04fd8a4-1ba4-4bc2-9593-238386281a6c,46,2019-11-04 00:00:00,2019-11-04 09:29:50,CSHL045,0.524823,0.524823,282,1,0,[5.3748844  4.38241545 7.04520373 5.55354327],5.589011714843906,3,0.6283004999999662,6.441501000000244,,40.0,1.5532000807591357
149,b202b9d7-11fa-47da-aee3-ea6dfc5c6562,16,2020-01-29 00:00:00,2020-01-29 16:28:29,CSK-scan-017,0.454545,0.454545,275,1,0,[3.81545921 3.04089417 3.32741077 3.743301  ],3.481766285095153,1,0.5784009999999853,4.143100000000004,,45.0,0.815595363540569
150,b3904f10-d585-4efb-8ec3-150bae741175,16,2020-01-29 00:00:00,2020-01-29 17:18:40,CSK-scan-013,0.331967,0.331967,244,1,0,[4.29351367 4.06475273 4.36212949 4.69671082],4.354276678466768,1,0.5591000000001713,4.586550000000159,,92.0,6.131073907717436
151,b4cb0a93-4975-4a2d-aa12-94461d457594,18,2019-10-30 00:00:00,2019-10-30 10:33:13,NYU-12,0.480938,0.480938,341,1,0,[4.14942363 4.3799965  3.63430278 3.89598661],4.014927380371059,1,0.6648000000000138,4.394799999999947,1.241800000000012,57.0,0.9430318420261286
152,b55c97f2-1024-4b16-9774-2d9049942f98,21,2019-11-19 00:00:00,2019-11-19 14:52:02,ZM_2241,0.479624,0.479624,319,1,0,[3.36543577 2.76941995 3.41726311 3.40811789],3.2400591787108795,2,0.6661999999998898,3.4229504999998426,0.934099999999944,66.0,2.7961711711711708
153,b57c1934-f9d1-4dc4-a474-e2cb4acdf918,16,2019-09-23 00:00:00,2019-09-23 13:43:40,KS022,0.515432,0.515432,324,1,0,[2.13901296 2.78657014 1.94181789 2.38579436],2.313298839355369,1,0.6816010000000006,2.66170099999988,1.1506499999999278,59.0,0.7157894736842105
154,ba180785-41e7-49b6-af86-4096cd502bf1,8,2019-07-08 00:00:00,2019-07-08 16:27:58,dop_6,0.520161,0.520161,496,1,0,[0.82494297 1.11831621 1.18844882 0.69742812],0.957284030273371,0,0.318599999999833,2.579800000000205,1.846599999999853,101.0,0.6670247046186896
155,bbcaba58-d8e8-40b9-8f2f-01697cfe754d,35,2019-03-15 00:00:00,2019-03-15 12:05:20,KS005,0.450382,0.450382,131,1,0,[ 8.55765 13.2586  10.88325 10.7836 ],10.870775000000066,3,0.48729950000006284,12.434699999999793,1.798400000000015,27.0,0.5298037763791188
156,bc381af7-631d-4ed0-95f9-8231c830158a,7,2019-03-04 00:00:00,2019-03-04 10:26:45,DY_001,0.420108,0.420108,557,1,0,[3.50980682 2.80813243 2.63616908 2.81227982],2.9415970383300305,0,0.4413009999989299,4.513801000000512,,158.0,0.2080826585062903
157,bc7dbe81-1c5d-41a3-afeb-82e61b6abf94,39,2019-08-10 00:00:00,2019-08-10 11:20:10,KS018,0.459596,0.459596,198,1,0,[8.05954509 5.2714043  4.6649406  5.2504207 ],5.811577673827969,3,0.4033999999996922,7.203799000000004,0.9987999999999602,36.0,1.2795031055900619
158,bdc2ab7c-e9c9-43a9-b53d-6d3937d204f7,16,2019-03-24 00:00:00,2019-03-24 15:24:35,ZM_1369,0.464567,0.464567,381,1,0,[1.9139  2.09875 1.8087  2.1512 ],1.9931375000000173,1,0.5366999999999678,2.578700000000026,1.477800000000002,75.0,0.3328412017167382
159,c00e0ffb-b8c6-4953-b9e7-975a3f4fd989,7,2019-08-08 00:00:00,2019-08-08 11:43:05,ibl_witten_14,0.479858,0.479858,844,1,0,[1.07006643 1.26961389 1.40715295 1.27331291],1.2550365468748055,0,0.5670509999997648,2.1484009999999216,1.0032000000001062,157.0,2.994957453514025
160,c0131499-855d-4513-851b-037438214cf6,16,2020-02-20 00:00:00,2020-02-20 16:01:18,CSH_ZAD_017,0.473068,0.473068,427,1,0,[1.42528479 1.106751   1.24126438 1.34470998],1.2795025380858647,1,0.5380000000000109,2.468799999999902,,78.0,1.3127257115438038
161,c05b07d8-f673-4cf9-aa59-65c65220b964,40,2019-10-09 00:00:00,2019-10-09 13:44:38,dop_9,0.47,0.47,300,1,0,[1.28321536 2.41408882 2.26499475 2.08966506],2.0129909963378836,3,0.5129009999998857,2.974651000000449,3.459149999999994,52.0,1.041017227235439
162,c25a02e4-d912-4c7e-8381-5cc1cec06faf,21,2019-08-12 00:00:00,2019-08-12 11:18:51,SWC_014,0.458128,0.458128,203,1,0,[5.83896318 7.02154121 6.45646047 6.7293177 ],6.511570642089893,2,0.378400000000056,7.730099999999993,1.1533000000000015,30.0,0.8184937691890916
163,c387f80c-7a5c-4f11-a8e1-fe6ba3ed8cfe,10,2019-10-01 00:00:00,2019-10-01 14:08:42,KS024,0.243386,0.243386,378,1,0,[2.37923633 2.55202355 2.78325842 2.0014428 ],2.4289902736815776,0,0.38965049999995927,3.1501010000000065,0.706799999999987,205.0,24.751724137931035
164,c4128347-33bc-4808-828b-c9ec8e92e77f,8,2019-09-17 00:00:00,2019-09-17 10:32:44,ZM_1895,0.505882,0.505882,170,1,0,[3.78687841 5.73201506 6.71131663 7.10006454],5.832568657318267,0,0.7766500000000178,6.651500000000078,0.8624499999999671,28.0,0.2364212064626127
165,c8b4e70d-3f13-42f6-ba22-ffb92c26beaf,11,2019-02-07 00:00:00,2019-02-07 17:43:18,ibl_witten_04,0.507795,0.507795,898,1,0,[1.22032402 1.02900356 1.37952717 1.24985256],1.2196768300783276,0,0.5045009999998911,2.1614510000003975,,145.0,1.1029880935004275
166,cb21532d-eb0f-4706-b088-bf4afc65e81a,10,2019-09-17 00:00:00,2019-09-17 10:27:11,ZM_2107,0.467934,0.467934,421,1,0,[0.89069543 1.10778215 1.26684475 0.82151868],1.0217102529296227,0,0.5995010000001457,2.5062010000000328,1.012800000000027,90.0,0.3278151260504202
167,cb761037-e499-4ba4-a7b3-9be8b8410cbc,15,2019-08-08 00:00:00,2019-08-08 12:40:20,ibl_witten_16,0.496815,0.496815,314,1,0,[2.27740471 1.25861501 1.55541157 2.38069006],1.8680303398437133,1,0.5017010000000823,3.564600999999982,1.6214500000000385,61.0,1.1362847222222223
168,cc9c6ddb-9d07-44c5-82d2-6587ec0c700c,6,2019-09-24 00:00:00,2019-09-24 18:35:12,CSK-scan-004,0.451852,0.451852,135,1,0,[7.82252424 9.73165002 2.77796855 4.96639316],6.324633996093709,0,0.45934999999997217,9.549599999999828,0.6351999999999975,33.0,3.241312741312741
169,ccf1fcaa-11c8-4c3b-a8ec-7f5df35d7605,21,2020-02-11 00:00:00,2020-02-11 18:31:14,ZM_3001,0.411168,0.411168,197,1,0,[8.57494766 4.84624883 4.63012795 4.95763136],5.752238949218736,2,0.5545000000000755,5.328300000000127,,55.0,6.669371196754565
170,ce22048c-79d2-4498-b385-67baea41258d,15,2019-08-09 00:00:00,2019-08-09 18:22:40,CSH_ZAD_005,0.466258,0.466258,163,1,0,[6.51420015 6.35873125 5.15096543 6.58158129],6.151369528442338,1,0.39410000000009404,6.89994999999999,1.0937999999999874,45.0,1.961967213114754
171,cff66dc1-765e-4e04-abef-92de05bf4f19,11,2019-02-09 00:00:00,2019-02-09 09:56:21,IBL-T1,0.463235,0.463235,272,1,0,[ 7.5181  7.4627  7.9967 11.4118],8.597324999999984,0,0.5238010000001623,9.361351000000354,0.9859500000002299,55.0,2.4196781050713634
172,d0aada37-8c38-4478-9731-7f0a52ec61fe,11,2020-01-29 00:00:00,2020-01-29 15:39:09,CSK-scan-016,0.413174,0.413174,334,1,0,[2.8799833  4.23829563 3.92716536 3.38680022],3.6080611259764623,0,0.4331004999999948,4.102100999999948,,99.0,0.14962332589285715
173,d1c7418a-77c8-43d5-bfe3-2f91e858252d,7,2019-07-08 00:00:00,2019-07-08 15:37:39,ibl_witten_12,0.39779,0.39779,362,1,0,[2.0956873  2.51688342 2.69297871 3.25435312],2.639975640624982,0,0.4860999999998512,3.1024010000003273,,111.0,0.17281415491979188
174,d2381567-8a66-4497-9c78-7bddff54d1ac,6,2020-02-15 00:00:00,2020-02-15 18:16:55,CSK-scan-019,0.466887,0.466887,302,1,0,[5.58604352 4.83894258 4.43263613 4.35319753],4.802704940673763,0,0.5010999999999513,5.4643000000002075,,76.0,0.6884749020477563
175,d6e6aa02-a6ec-4d35-a89d-bfe4c7684ba2,24,2020-02-17 00:00:00,2020-02-17 11:08:24,SWC_039,0.479012,0.479012,405,1,0,[1.2025252  1.74912173 1.73880215 1.63827119],1.5821800659179814,2,0.5187999999999704,2.117050000000006,,96.0,0.2592980398726755
176,d834be24-4f25-4717-94a7-31668ce423f9,19,2020-01-09 00:00:00,2020-01-09 14:46:20,SH006,0.453642,0.453642,302,1,0,[1.81708187 1.85361367 2.89347363 1.97042861],2.133649447265668,2,0.6932009999995898,3.2719509999999445,,61.0,0.30327868852459017
177,da62bb12-f2f0-4e90-9d9a-413a8537b33b,22,2019-03-25 00:00:00,2019-03-25 17:16:24,ZM_1372,0.345109,0.345109,368,1,0,[2.446   2.86385 3.6362  3.3383 ],3.071087500000047,2,0.2955000000001746,4.10550000000012,0.8993999999999005,163.0,9.6696542893726
178,dcc7ffe6-b9af-43cf-bcd6-06ab741768c1,21,2019-03-18 00:00:00,2019-03-18 18:19:58,CSK-IBL-003,0.474627,0.474627,335,1,0,[2.68414088 3.16268193 3.4938462  2.68850762],3.0072941586914084,2,0.5197009999997135,3.632000000000062,,57.0,0.6340060951066643
179,df2d615d-f8e1-41e5-bcab-480c8e4ba09f,11,2019-05-28 00:00:00,2019-05-28 16:04:01,NYU-06,0.265957,0.265957,94,1,0,[22.5864  19.3958  12.4502  13.80595],17.059587500000028,0,0.4129010000001472,21.643200999999863,0.7716500000000224,47.0,39.54545454545455
180,dffc24bc-bd97-4c2a-bef3-3e9320dc3dd7,36,2019-11-04 00:00:00,2019-11-04 09:33:24,CSHL046,0.495822,0.495822,359,1,0,[4.99924084 4.430141   6.14410393 5.38978694],5.240818178710953,3,0.5739999999999554,6.0034010000000535,1.5108000000000175,75.0,0.9458031400966184
181,e0648c91-1b52-47be-9c74-be614af8ba76,25,2019-08-09 00:00:00,2019-08-09 10:56:45,SWC_015,0.42069,0.42069,290,1,0,[5.04905273 5.25594032 5.72895829 5.62179182],5.413935791015547,2,0.5657499999998663,5.577850000000126,1.1118500000000182,66.0,0.8709677419354839
182,e0b2075a-7a47-473c-9cdd-426dd20f6dfa,9,2019-08-09 00:00:00,2019-08-09 16:52:04,CSH_ZAD_002,0.434164,0.434164,281,1,0,[2.46751016 2.88990415 2.37540596 2.67161729],2.6011093872070603,0,0.40689999999972315,2.949100000000044,1.312400000000025,84.0,0.11348301669545191
183,e1ceadd7-e3c2-4fd9-98bc-148f17dd60c6,28,2019-03-24 00:00:00,2019-03-24 13:34:25,ZM_1367,0.477108,0.477108,415,1,0,[1.5116  1.17115 1.0044  1.2457 ],1.2332124999999223,2,0.5246500000000083,2.172800000000052,2.115600000000086,89.0,0.5525804171085189
184,e4064c7b-9783-4999-82f9-f3b116e97cef,45,2019-11-12 00:00:00,2019-11-12 10:24:36,CSHL052,0.389497,0.389497,457,1,0,[1.55692679 1.74459837 1.60942259 1.64999924],1.6402367509764133,3,0.46710099999972954,2.2243510000000697,1.7490999999999985,150.0,0.13686256261462237
185,e5918a15-c68f-43d7-87d8-43bc5a27ef6d,9,2019-07-16 00:00:00,2019-07-16 13:01:57,CSK-scan-001,0.481894,0.481894,718,1,0,[1.73065597 1.76780361 2.48261192 2.08508662],2.0165395305786014,0,0.5347000000000435,2.315000999999995,1.8806000000000154,15.0,0.5471096096096096
186,e5918a15-c68f-43d7-87d8-43bc5a27ef6d,9,2019-07-16 00:00:00,2019-07-16 13:17:31,CSK-scan-001,0.481894,0.481894,718,1,0,[0.73403967 0.5978468  1.12809592 1.07718577],0.8842920400390781,0,0.4541009999998096,1.915000500000005,1.4811999999999443,131.0,0.23951606728094132
187,e9cac4f8-effa-462a-8e41-323c58ef86dd,49,2019-03-14 00:00:00,2019-03-14 11:39:39,KS002,0.4625,0.4625,240,1,0,[5.42465 6.9085  6.43255 7.116  ],6.4704249999999774,3,0.33440100000029815,7.05510100000015,1.856300000000033,67.0,5.93560448691317
188,ecba4914-30c3-4a0b-9d65-1ef5d80ca5f2,42,2019-02-25 00:00:00,2019-02-25 12:45:28,CSHL_001,0.459677,0.459677,248,1,0,[4.45995 5.1197  5.09825 4.9327 ],4.902650000000062,3,0.5929000000000428,5.287150000000153,1.3772500000000027,67.0,0.24398475775721284
189,ecc301a5-4e89-4bb4-9ea0-dc02f10d2da0,22,2019-05-27 00:00:00,2019-05-27 15:37:27,ZM_1748,0.405512,0.405512,254,1,0,[5.5004  5.07145 4.6405  4.58805],4.9500999999999635,2,0.308699999999817,5.915849999999921,0.7811500000000038,76.0,0.24119411313384947
190,ed8918e4-6a37-4b3d-9b4d-daa14eca0c70,16,2020-01-20 00:00:00,2020-01-20 15:01:37,CSHL059,0.333333,0.333333,105,1,0,[11.72655007 23.24160752  8.69400283 20.61000706],16.068041871643096,1,0.8536000000001422,18.362699999999904,,42.0,16.13548387096774
191,ee1a2b83-ab8d-4b71-8d23-04f7b21b1595,24,2019-03-26 00:00:00,2019-03-26 12:08:50,NYU-04,0.384988,0.384988,413,1,0,[1.59309387 1.43774414 1.52160645 1.17248535],1.4312324523925781,2,,,,150.0,6.531249999999999
192,f01b97ab-0d2c-4825-b87f-b29f6daf3979,58,2019-05-28 00:00:00,2019-05-28 15:37:10,NYU-07,0.222222,0.222222,171,1,0,[13.376    7.08535 14.1719   8.12445],10.689425000000043,3,0.4208005000001833,10.553099999999972,0.7173999999999978,87.0,0.030436197916666664
193,f2cbdf1c-84bf-4752-98ef-de7029be3a24,39,2019-09-30 00:00:00,2019-09-30 15:22:21,CSHL027,0.471471,0.471471,333,1,0,[2.33864194 1.27998516 1.48410645 1.98996973],1.7731758178711061,3,0.563450000000131,2.5963999999999032,1.8777999999999793,60.0,1.4009287925696596
194,f365dcc4-7523-4abd-9021-265f39b7290a,9,2019-01-29 00:00:00,2019-01-29 16:30:23,ZM_1097,0.473684,0.473684,209,1,0,[4.8414  2.8267  5.64755 5.6387 ],4.738587500000065,0,0.5398005000000268,5.789399999999944,1.8868999999999687,42.0,1.1910946196660483
195,f3acdbcd-7c95-4dc8-b13e-8310048000c5,19,2019-03-06 00:00:00,2019-03-06 09:21:44,DY_002,0.490411,0.490411,365,1,0,[4.25565 2.84405 4.9971  5.0423 ],4.284775000000028,2,0.5766000000001412,5.048900000000003,0.9096999999999298,89.0,0.15934065934065933
196,f498ba9d-d983-43fd-b8c1-b22ec919018e,13,2019-02-09 00:00:00,2019-02-09 11:26:43,IBL-T2,0.581907,0.581907,409,1,0,[2.1768  3.305   5.15825 6.158  ],4.19951249999999,1,0.6324499999999915,4.8016999999999825,1.158100000000104,57.0,0.5759680134680135
197,f659a8e5-d32d-4805-b050-9b70f063a174,22,2019-11-12 00:00:00,2019-11-12 12:27:47,CSHL054,0.401015,0.401015,394,1,0,[2.13899082 2.20107617 1.79824141 2.32819219],2.11662514648458,2,0.5654999999999291,2.52150000000006,1.1577500000000782,124.0,5.813574660633484
198,f6fe3981-8b66-4ff7-828b-1a79bd31f0fe,32,2019-11-12 00:00:00,2019-11-12 14:51:57,SH004,0.43465,0.43465,329,1,0,[5.09470313 4.50955615 6.66339258 3.85329461],5.030236615234401,3,0.5003010000000359,6.003850499999999,0.7203999999999269,94.0,4.0427234042553195
199,f7964cba-0846-4796-bcee-0b97d91b1326,50,2019-04-08 00:00:00,2019-04-08 13:39:21,IBL_001,0.26935,0.26935,323,1,0,[4.38150317],4.381503173828122,3,-1.8754000000000133,6.125050000000002,,173.0,0.02499074416882636
200,fb3c491d-233c-4ee0-abfa-5ea0222cd080,7,2019-01-22 00:00:00,2019-01-22 16:09:36,ZM_1086,0.452899,0.452899,276,1,0,[4.12235 4.4582  4.4017  4.9827 ],4.491237499999997,0,0.45020100000010643,5.739299999999957,0.7433999999999514,55.0,0.49802646853958665
201,fb5e4b77-4057-4887-bf20-50f2459333eb,28,2019-06-18 00:00:00,2019-06-18 14:58:24,CSHL_012,0.422414,0.422414,116,1,0,[ 8.7461  8.8574 22.0696  9.0528],12.181475000000022,2,0.6267004999999557,11.84135050000009,1.3261000000000251,27.0,1.1551362683438156
202,ff0d337e-8fa4-4e78-b69e-42d00adc4966,13,2020-01-29 00:00:00,2020-01-29 15:35:30,CSK-scan-015,0.449405,0.449405,336,1,0,[2.60670198 2.64816252 2.45337561 2.8244512 ],2.633172826171972,1,0.5531009999999696,3.2667510000002835,,85.0,0.2107554808647162
203,ffcd8c5e-fe0c-4d6d-8418-d9152f1746f1,9,2019-11-19 00:00:00,2019-11-19 15:36:10,ZM_2240,0.456464,0.456464,379,1,0,[1.71410471 2.63088293 2.58109346 1.99116506],2.2293115396117997,0,0.6097004999999456,3.1999009999994996,0.9742000000001099,75.0,0.5631776658413729
