,subject,date,eid,probe,region,f1,f1_shuffle,accuracy,accuracy_shuffle,auroc,auroc_shuffle
0,CSHL045,2020-02-27,46794e05-3f6a-4d35-afb3-9165091a5a74,probe01,GRN,0.3504126700387759,0.42351612921042653,0.5063430962343096,0.5001715481171548,0.49427610377432213,0.4952966906306166
0,CSHL045,2020-02-27,46794e05-3f6a-4d35-afb3-9165091a5a74,probe01,IO,0.17289085175109728,0.4278266528528705,0.5209107391910739,0.4999497907949791,0.4694717003985309,0.4959888528561382
0,CSHL045,2020-02-27,46794e05-3f6a-4d35-afb3-9165091a5a74,probe01,MY,0.3392248478908248,0.43479691955673333,0.5064937238493724,0.4988535564853556,0.4881742439634289,0.4954169219348285
0,CSHL045,2020-02-27,46794e05-3f6a-4d35-afb3-9165091a5a74,probe01,NOD,0.44865237773731376,0.42255459148180374,0.5157642956764296,0.5010571827057183,0.5208228217550989,0.49650117996405413
0,CSHL045,2020-02-27,46794e05-3f6a-4d35-afb3-9165091a5a74,probe01,PRP,0.5064278629822947,0.43593769621089834,0.5146039051603905,0.5002538354253835,0.5346702899116981,0.49762345862311486
0,CSHL045,2020-02-27,46794e05-3f6a-4d35-afb3-9165091a5a74,probe01,V,0.19934185569437757,0.4396549247186338,0.5397782426778243,0.5000083682008368,0.50904860514183,0.4969931741814488
0,CSHL045,2020-02-27,46794e05-3f6a-4d35-afb3-9165091a5a74,probe01,arb,0.4528594755989557,0.4275849028913882,0.5091799163179916,0.5007266387726639,0.5116957490036727,0.4966728451980933
0,CSHL045,2020-02-27,46794e05-3f6a-4d35-afb3-9165091a5a74,probe01,cbc,0.2747761416221233,0.42239530106847495,0.5413403068340307,0.5008619246861925,0.5106826951629287,0.4958477690083613
0,CSHL045,2020-02-27,46794e05-3f6a-4d35-afb3-9165091a5a74,probe01,chpl,0.3435316347869187,0.4309399785391464,0.5091854951185495,0.499534170153417,0.4758382433382824,0.49516830897866687
0,CSHL045,2020-02-27,46794e05-3f6a-4d35-afb3-9165091a5a74,probe01,mlf,0.42861467063321723,0.42733359003792787,0.4913723849372385,0.5009776847977685,0.4757866453074939,0.4972969758537157
0,CSHL045,2020-02-27,46794e05-3f6a-4d35-afb3-9165091a5a74,probe01,tspc,0.5139358680982536,0.4258254080625613,0.500931659693166,0.4996122733612273,0.514837446276471,0.4959483121043994
0,CSHL045,2020-02-26,fa704052-147e-46f6-b190-a65b837e605e,probe00,MB,0.4950119910621405,0.4882490590433011,0.4609312977099237,0.5022126499454743,0.465980029154519,0.49515343640969267
0,CSHL045,2020-02-26,fa704052-147e-46f6-b190-a65b837e605e,probe00,MRN,0.6380408479600361,0.48407487653589387,0.5027928026172301,0.5021188658669574,0.43418748028485404,0.4963951249820771
0,CSHL045,2020-02-26,fa704052-147e-46f6-b190-a65b837e605e,probe00,RSPagl,0.5151315993126562,0.473999564670585,0.49929007633587785,0.5001832061068702,0.4885442001625006,0.49580001672800267
0,CSHL045,2020-02-26,fa704052-147e-46f6-b190-a65b837e605e,probe00,RSPagl,0.5171967443884748,0.4644144485373506,0.49990730643402403,0.5006412213740458,0.48815822061845815,0.4965529536873297
0,CSHL045,2020-02-26,fa704052-147e-46f6-b190-a65b837e605e,probe00,RSPagl,0.5180642861044475,0.47534058059504963,0.5003794983642311,0.5011374045801527,0.4896894709171725,0.49616456531090186
0,CSHL045,2020-02-26,fa704052-147e-46f6-b190-a65b837e605e,probe00,RSPv,0.4732267231738321,0.4727144209860471,0.4936292257360959,0.5020763358778626,0.48120437556755724,0.49753540840223676
0,CSHL045,2020-02-26,fa704052-147e-46f6-b190-a65b837e605e,probe00,RSPv,0.4774132464375781,0.48200876897153977,0.4934307524536532,0.5019345692475464,0.48025481049562685,0.4970637743153467
0,CSHL045,2020-02-26,fa704052-147e-46f6-b190-a65b837e605e,probe00,RSPv,0.46386925424239417,0.481781172368825,0.49127917121046893,0.5018462377317339,0.47867190412464755,0.49550726473259094
0,CSHL045,2020-02-26,fa704052-147e-46f6-b190-a65b837e605e,probe00,RSPv,0.45955377697190086,0.48202796160466166,0.4907284623773173,0.501948745910578,0.4800107202600009,0.49542941021841996
0,CSHL045,2020-02-26,fa704052-147e-46f6-b190-a65b837e605e,probe00,SCdg,0.557013118062563,0.47665502781510155,0.521264994547437,0.5014307524536532,0.5199732351957175,0.4963337427711132
0,CSHL045,2020-02-26,fa704052-147e-46f6-b190-a65b837e605e,probe00,SCig,0.5990898452370969,0.4766307778374015,0.48146892039258454,0.501103598691385,0.4514974764613106,0.4964047220761841
0,CSHL045,2020-02-26,fa704052-147e-46f6-b190-a65b837e605e,probe00,SCiw,0.5149029022318599,0.4869672198018444,0.4977742639040349,0.5033620501635769,0.47754560531472545,0.49643391244085455
0,CSHL045,2020-02-26,fa704052-147e-46f6-b190-a65b837e605e,probe00,SCop,0.6227634255593405,0.47277815001277773,0.5213369683751363,0.500174482006543,0.4950846890981217,0.4948817760359413
0,CSHL045,2020-02-26,fa704052-147e-46f6-b190-a65b837e605e,probe00,SCsg,0.4391315640230598,0.4833073544763162,0.4802704471101418,0.5023653217011996,0.4808779524924724,0.4958302609568417
0,CSHL045,2020-02-26,fa704052-147e-46f6-b190-a65b837e605e,probe01,ICe,0.20603314915521495,0.4782804695112775,0.4688167938931298,0.500474372955289,0.47363086077522343,0.49580214835348657
0,CSHL045,2020-02-26,fa704052-147e-46f6-b190-a65b837e605e,probe01,MB,0.4748881971369388,0.46957649457741707,0.5032835332606325,0.5002922573609596,0.5016850977393299,0.49614459924485016
0,CSHL045,2020-02-26,fa704052-147e-46f6-b190-a65b837e605e,probe01,NLL,0.5320533917516775,0.4736650698987724,0.4980185387131952,0.5004285714285713,0.47298998470582615,0.49612333317401897
0,CSHL045,2020-02-26,fa704052-147e-46f6-b190-a65b837e605e,probe01,P,0.46258788378587073,0.4797461109096637,0.5059400218102508,0.5012660850599782,0.5324771830043493,0.4963766644362663
0,CSHL045,2020-02-26,fa704052-147e-46f6-b190-a65b837e605e,probe01,PSV,0.4017161575339569,0.471769766060689,0.4713653217011996,0.5004863685932388,0.4405759546910099,0.49626678057639917
0,CSHL045,2020-02-26,fa704052-147e-46f6-b190-a65b837e605e,probe01,SAG,0.5411809983174727,0.48480750598292127,0.5018680479825518,0.5021101417666304,0.47233829039812647,0.4965101347799073
0,CSHL045,2020-02-26,fa704052-147e-46f6-b190-a65b837e605e,probe01,SCig,0.6066677235847394,0.47637291955623634,0.5042889858233369,0.5009716466739368,0.49434759833675856,0.4971182144052
0,CSHL045,2020-02-26,fa704052-147e-46f6-b190-a65b837e605e,probe01,mcp,0.4551034771048268,0.48824141672675125,0.4828429661941112,0.5028484187568157,0.4701416742340965,0.49580454523729867
0,CSHL045,2020-02-26,fa704052-147e-46f6-b190-a65b837e605e,probe01,void,0.49423614363026636,0.468456730834917,0.49663467829880037,0.5007688113413304,0.48839781341107874,0.4965253094680495
0,CSHL045,2020-02-25,dfd8e7df-dc51-4589-b6ca-7baccfeb94b4,probe00,CA,0.5244771582688772,0.48649946610792816,0.48619634703196346,0.5006255707762557,0.4149828494657514,0.49279884333606233
0,CSHL045,2020-02-25,dfd8e7df-dc51-4589-b6ca-7baccfeb94b4,probe00,DG-mo,0.3480745939068915,0.4795583269437415,0.4731301369863014,0.5016232876712329,0.5051195289375905,0.49453017612360145
0,CSHL045,2020-02-25,dfd8e7df-dc51-4589-b6ca-7baccfeb94b4,probe00,DG-po,0.6006727472726187,0.4891101492496086,0.48596118721461184,0.5022214611872146,0.5006187732224952,0.4937708084052312
0,CSHL045,2020-02-25,dfd8e7df-dc51-4589-b6ca-7baccfeb94b4,probe00,DG-sg,0.3581101047115991,0.4862737162607545,0.4504634703196347,0.5012853881278538,0.4483062325503285,0.4945054054621407
0,CSHL045,2020-02-25,dfd8e7df-dc51-4589-b6ca-7baccfeb94b4,probe00,Eth,0.6336387657732114,0.4906632097134941,0.5443561643835617,0.5026141552511415,0.4874599995801583,0.49438844805508325
0,CSHL045,2020-02-25,dfd8e7df-dc51-4589-b6ca-7baccfeb94b4,probe00,LP,0.6283808153139279,0.48962945629087723,0.5359566210045662,0.5013196347031964,0.46715095409030793,0.4936908075655478
0,CSHL045,2020-02-25,dfd8e7df-dc51-4589-b6ca-7baccfeb94b4,probe00,PO,0.39364240303342046,0.489872489359656,0.5090958904109588,0.5025068493150685,0.4909013896760921,0.4942090182001385
0,CSHL045,2020-02-25,dfd8e7df-dc51-4589-b6ca-7baccfeb94b4,probe00,VISam,0.4936181103210754,0.4817831665835979,0.5006232876712329,0.5016643835616438,0.4490215798643911,0.4939701807418603
0,CSHL045,2020-02-25,dfd8e7df-dc51-4589-b6ca-7baccfeb94b4,probe00,VISam,0.5023529329681165,0.4849841955352577,0.5020844748858447,0.5028127853881279,0.4471289333921112,0.4951817284883599
0,CSHL045,2020-02-25,dfd8e7df-dc51-4589-b6ca-7baccfeb94b4,probe00,VISam,0.487803641628536,0.48714564064643323,0.4992283105022831,0.5011278538812785,0.450406721665932,0.49237961038688416
0,CSHL045,2020-02-25,dfd8e7df-dc51-4589-b6ca-7baccfeb94b4,probe00,VISam,0.5011555512765834,0.48140746857098704,0.5001232876712329,0.5008013698630137,0.44923038814366983,0.49437251506182167
0,CSHL045,2020-02-25,dfd8e7df-dc51-4589-b6ca-7baccfeb94b4,probe00,VISam,0.4821522311320642,0.48101800917854154,0.4974771689497717,0.4999429223744292,0.44672586434914036,0.49482846316938517
0,CSHL045,2020-02-25,dfd8e7df-dc51-4589-b6ca-7baccfeb94b4,probe00,VISam,0.4891956151065655,0.4805576774576001,0.49691324200913245,0.500634703196347,0.4470284547725507,0.49299166614186446
0,CSHL045,2020-02-25,dfd8e7df-dc51-4589-b6ca-7baccfeb94b4,probe01,GPi,0.49358397132175874,0.47721141241769816,0.5050228310502283,0.5005753424657534,0.49859928207065934,0.49534274828389696
0,CSHL045,2020-02-25,dfd8e7df-dc51-4589-b6ca-7baccfeb94b4,probe01,MEA,0.13220567992146381,0.47728446062060154,0.4663310502283105,0.49953196347031964,0.40236109536704656,0.4936067027730546
0,CSHL045,2020-02-25,dfd8e7df-dc51-4589-b6ca-7baccfeb94b4,probe01,RT,0.5196471791065446,0.486245295045235,0.5040068493150686,0.5023356164383561,0.47227104981422,0.49524363414992545
0,CSHL045,2020-02-24,034e726f-b35f-41e0-8d6c-a22cc32391fb,probe00,CA,0.5300113816272243,0.5222861808306603,0.5039098196392786,0.5098537074148296,0.4673957990538873,0.49476892225421637
0,CSHL045,2020-02-24,034e726f-b35f-41e0-8d6c-a22cc32391fb,probe00,CA,0.5367973934762263,0.5124150530610797,0.5072084168336674,0.5060400801603206,0.47080362162347456,0.49402276155217334
0,CSHL045,2020-02-24,034e726f-b35f-41e0-8d6c-a22cc32391fb,probe00,DG-mo,0.49057278934820475,0.5127672078196046,0.48170741482965934,0.5073006012024048,0.4969742475661593,0.4926908336761278
0,CSHL045,2020-02-24,034e726f-b35f-41e0-8d6c-a22cc32391fb,probe00,LGd-co,0.5080028281899452,0.5161528413985371,0.4743887775551102,0.507937875751503,0.4497047682709448,0.49209833916083917
0,CSHL045,2020-02-24,034e726f-b35f-41e0-8d6c-a22cc32391fb,probe00,LGd-sh,0.5203899692145899,0.5172582262082366,0.48325450901803607,0.5088997995991984,0.4775535530645825,0.4949380998903058
0,CSHL045,2020-02-24,034e726f-b35f-41e0-8d6c-a22cc32391fb,probe00,TH,0.6912693089832428,0.504919942889123,0.5905731462925852,0.5058737474949899,0.5547605409296587,0.494182855135061
0,CSHL045,2020-02-24,034e726f-b35f-41e0-8d6c-a22cc32391fb,probe00,VISrl,0.5092772757015882,0.5162717341339961,0.5109779559118236,0.5093466933867735,0.5033965617715618,0.4948191844919786
0,CSHL045,2020-02-24,034e726f-b35f-41e0-8d6c-a22cc32391fb,probe00,VISrl,0.4779360254032686,0.5114250986748589,0.5003366733466934,0.506687374749499,0.5060498080351021,0.4923682726587138
0,CSHL045,2020-02-24,034e726f-b35f-41e0-8d6c-a22cc32391fb,probe00,VISrl,0.49267519825929706,0.5176181176331334,0.5065871743486974,0.509130260521042,0.5026077145893322,0.494651746537776
0,CSHL045,2020-02-24,034e726f-b35f-41e0-8d6c-a22cc32391fb,probe00,VISrl,0.487160521256499,0.49968420127585866,0.5031342685370741,0.5010040080160321,0.5039674945152887,0.49233799533799527
0,CSHL045,2020-02-24,034e726f-b35f-41e0-8d6c-a22cc32391fb,probe00,VISrl,0.4955072886969369,0.5057002892424508,0.507809619238477,0.5051943887775551,0.5047617064308241,0.49409953894145064
0,CSHL045,2020-02-24,034e726f-b35f-41e0-8d6c-a22cc32391fb,probe00,ZI,0.6682992006115642,0.5137822442924103,0.5838737474949899,0.5085130260521042,0.5220327368709723,0.4950222387906211
0,CSHL045,2020-02-24,034e726f-b35f-41e0-8d6c-a22cc32391fb,probe00,ar,0.6937992588344116,0.5131955344962209,0.5602324649298597,0.5072785571142284,0.42771697175373646,0.492315970793912
0,CSHL045,2020-02-24,034e726f-b35f-41e0-8d6c-a22cc32391fb,probe00,fp,0.6706886868546191,0.5127380050791218,0.5625831663326654,0.5065370741482966,0.47034140614287673,0.4940455145344851
0,CSHL045,2020-02-24,034e726f-b35f-41e0-8d6c-a22cc32391fb,probe00,or,0.7408348352525461,0.523372956345096,0.6076793587174348,0.5117054108216432,0.5050991532976827,0.49340057246674895
0,CSHL045,2020-02-24,034e726f-b35f-41e0-8d6c-a22cc32391fb,probe01,AV,0.6741265677295655,0.5909140524847071,0.5532284569138276,0.53263126252505,0.4734203088578089,0.4942157034142328
0,CSHL045,2020-02-24,034e726f-b35f-41e0-8d6c-a22cc32391fb,probe01,LHA,0.5859849165248293,0.5826584629611309,0.4979559118236473,0.5299679358717435,0.5001280851501441,0.49242527937748526
0,CSHL045,2020-02-24,034e726f-b35f-41e0-8d6c-a22cc32391fb,probe01,PAL,0.5959647758690787,0.5915692832111273,0.48710220440881763,0.5332104208416834,0.385982963115316,0.4939164781297135
0,CSHL045,2020-02-24,034e726f-b35f-41e0-8d6c-a22cc32391fb,probe01,RT,0.583147678261371,0.5759468230292095,0.4778957915831663,0.5284649298597195,0.41656277423556837,0.492993041272453
0,CSHL045,2020-02-24,034e726f-b35f-41e0-8d6c-a22cc32391fb,probe01,VAL,0.6261968083920079,0.5923894935375018,0.5285951903807615,0.5338797595190381,0.45387380878925,0.4940989476210065
0,CSHL045,2020-02-24,034e726f-b35f-41e0-8d6c-a22cc32391fb,probe01,opt,0.6397081305855411,0.5843175301650992,0.5204869739478957,0.5318016032064128,0.49718108974358977,0.49546413512957627
0,NYU-11,2020-02-21,56956777-dca5-468c-87cb-78150432cc57,probe00,CA,0.3929739047871551,0.3504388876615092,0.5030181268882176,0.5069667673716013,0.49593022605639425,0.49333017812924357
0,NYU-11,2020-02-21,56956777-dca5-468c-87cb-78150432cc57,probe00,CA,0.39046095091193667,0.34587122694235406,0.5065287009063445,0.5151480362537764,0.49678951992970677,0.4974834451633517
0,NYU-11,2020-02-21,56956777-dca5-468c-87cb-78150432cc57,probe00,CA,0.38855431695578,0.342701142030258,0.5074350453172205,0.5128489425981873,0.49724834251937056,0.49225031951433823
0,NYU-11,2020-02-21,56956777-dca5-468c-87cb-78150432cc57,probe00,LGd-co,0.49457815304591907,0.35385045343457694,0.44401812688821746,0.5094199395770392,0.5557667944724018,0.4954202212636792
0,NYU-11,2020-02-21,56956777-dca5-468c-87cb-78150432cc57,probe00,LGd-ip,0.4619198095992871,0.34335288518059703,0.4142477341389728,0.5127341389728096,0.4274177050882658,0.4947416526879143
0,NYU-11,2020-02-21,56956777-dca5-468c-87cb-78150432cc57,probe00,LGd-sh,0.2454537485341548,0.3474408029740105,0.4624561933534743,0.5103051359516617,0.3927258367281731,0.49396772905184116
0,NYU-11,2020-02-21,56956777-dca5-468c-87cb-78150432cc57,probe00,SSp-bfd,0.5400778820985463,0.34325494843514504,0.5143685800604231,0.5153867069486405,0.6560296549245147,0.4946501517693107
0,NYU-11,2020-02-21,56956777-dca5-468c-87cb-78150432cc57,probe00,SSp-bfd,0.5305647845938423,0.3506295764734929,0.5182477341389728,0.5110604229607251,0.6522112788561387,0.4953472921159838
0,NYU-11,2020-02-21,56956777-dca5-468c-87cb-78150432cc57,probe00,SSp-bfd,0.5457249845188161,0.34688245431741027,0.5120634441087614,0.5071722054380665,0.657491892323668,0.4923250658998322
0,NYU-11,2020-02-21,56956777-dca5-468c-87cb-78150432cc57,probe00,SSp-tr,0.5296732411243946,0.3440364796548913,0.4213111782477341,0.5131148036253775,0.5407622413930826,0.49320267193865325
0,NYU-11,2020-02-21,56956777-dca5-468c-87cb-78150432cc57,probe00,SSp-tr,0.5275888616918064,0.33867538779817574,0.42173413897280965,0.5180513595166163,0.5343849348989536,0.4939184239955268
0,NYU-11,2020-02-21,56956777-dca5-468c-87cb-78150432cc57,probe00,TH,0.38066456359150963,0.35238888235939736,0.4883746223564955,0.5092688821752266,0.4829459621375509,0.4950612469047048
0,NYU-11,2020-02-21,56956777-dca5-468c-87cb-78150432cc57,probe00,VISa,0.50593038540571,0.3516815328335577,0.5318126888217523,0.5118791540785499,0.6294524123332534,0.49613914849428864
0,NYU-11,2020-02-21,56956777-dca5-468c-87cb-78150432cc57,probe00,VISa,0.5022056287409087,0.34325958659961836,0.5323957703927492,0.5140876132930514,0.627677430305935,0.4939714034667305
0,NYU-11,2020-02-21,56956777-dca5-468c-87cb-78150432cc57,probe00,VPM,0.47616906897540645,0.3451246508739645,0.461190332326284,0.5140181268882175,0.5236809849029476,0.49489324227174697
0,NYU-11,2020-02-21,56956777-dca5-468c-87cb-78150432cc57,probe01,BMAp,0.44959015394336704,0.3628258805285584,0.44335045317220545,0.5048126888217522,0.4945499840242831,0.4936436017253774
0,NYU-11,2020-02-21,56956777-dca5-468c-87cb-78150432cc57,probe01,CEAc,0.4812145871653229,0.36322439630134656,0.46680362537764347,0.505534743202417,0.5071969007109194,0.49225443326144264
0,NYU-11,2020-02-21,56956777-dca5-468c-87cb-78150432cc57,probe01,CEAl,0.4421769614799524,0.3651520307865929,0.4804682779456193,0.49919335347432026,0.5188223100886652,0.49339533908459143
0,NYU-11,2020-02-21,56956777-dca5-468c-87cb-78150432cc57,probe01,CEAm,0.3561419386221353,0.3664071448183827,0.44825679758308157,0.5018429003021148,0.41756841600766836,0.49289468008626885
0,NYU-11,2020-02-21,56956777-dca5-468c-87cb-78150432cc57,probe01,COApl,0.5307211033010698,0.3682860870436551,0.40811782477341385,0.5030664652567975,0.5291956426232127,0.49546337566898313
0,NYU-11,2020-02-21,56956777-dca5-468c-87cb-78150432cc57,probe01,CTXsp,0.3721331921777924,0.378595853559699,0.46475226586102725,0.4932114803625377,0.48111542455467693,0.4926800662992251
0,NYU-11,2020-02-21,56956777-dca5-468c-87cb-78150432cc57,probe01,GPe,0.4195732210306086,0.3724907647156385,0.5077250755287009,0.496595166163142,0.5259835250419362,0.49441113507468654
0,NYU-11,2020-02-21,56956777-dca5-468c-87cb-78150432cc57,probe01,IA,0.4843400324940817,0.37471093294028796,0.462607250755287,0.49527492447129906,0.5414921119897756,0.4929054037862449
0,NYU-11,2020-02-21,56956777-dca5-468c-87cb-78150432cc57,probe01,PA,0.45548038950362557,0.36958461829384104,0.4443806646525679,0.4987945619335347,0.5027892004153686,0.4933950195702532
0,NYU-11,2020-02-21,56956777-dca5-468c-87cb-78150432cc57,probe01,PAL,0.2942876966860648,0.3634244194689193,0.4521450151057402,0.5041329305135952,0.4147475037942327,0.49407185078680405
0,CSHL052,2020-02-21,4b00df29-3769-43be-bb40-128b1cba6d35,probe00,CA,0.023698489860513764,0.41666233345955384,0.5226177285318561,0.5017797783933519,0.42821309411030756,0.49490321325970255
0,CSHL052,2020-02-21,4b00df29-3769-43be-bb40-128b1cba6d35,probe00,CA,0.024787537052646146,0.41575843237874693,0.5219944598337951,0.502650969529086,0.42751077119773256,0.49555554656993
0,CSHL052,2020-02-21,4b00df29-3769-43be-bb40-128b1cba6d35,probe00,DG-mo,0.40338159388076944,0.4197120540723879,0.5250747922437673,0.5013213296398892,0.508707695033003,0.49594745719633077
0,CSHL052,2020-02-21,4b00df29-3769-43be-bb40-128b1cba6d35,probe00,LGd-co,0.44169794002705703,0.41458562587268455,0.5017534626038781,0.5010124653739612,0.4922876953410816,0.494755293175289
0,CSHL052,2020-02-21,4b00df29-3769-43be-bb40-128b1cba6d35,probe00,LP,0.3136747367089938,0.4181246643280931,0.5158227146814404,0.502123268698061,0.49378869659650176,0.4953088179794665
0,CSHL052,2020-02-21,4b00df29-3769-43be-bb40-128b1cba6d35,probe00,PO,0.4529891335956179,0.41221957726499536,0.4917008310249308,0.5028393351800554,0.482000388949221,0.49562606575937523
0,CSHL052,2020-02-21,4b00df29-3769-43be-bb40-128b1cba6d35,probe00,VPM,0.34373427663075845,0.42297309643832,0.5160138504155125,0.5004958448753463,0.49430125850104367,0.49408090143795685
0,CSHL052,2020-02-21,4b00df29-3769-43be-bb40-128b1cba6d35,probe01,CA,0.2955258707075415,0.42521220859858094,0.5291024930747923,0.5013504155124654,0.521390335574605,0.4968137934487088
0,CSHL052,2020-02-21,4b00df29-3769-43be-bb40-128b1cba6d35,probe01,MGm,0.311574444362623,0.43334580129049904,0.520117728531856,0.49956925207756236,0.49920979766938545,0.4956811579133837
0,CSHL052,2020-02-21,4b00df29-3769-43be-bb40-128b1cba6d35,probe01,MGv,0.37447317124913004,0.4223082146195329,0.5051939058171745,0.5016329639889197,0.4875847254634657,0.4951186218104239
0,CSHL052,2020-02-21,4b00df29-3769-43be-bb40-128b1cba6d35,probe01,PIL,0.4832772912627893,0.4223571766833718,0.4813393351800554,0.5006052631578947,0.4743438041544398,0.49376324930489773
0,CSHL052,2020-02-21,4b00df29-3769-43be-bb40-128b1cba6d35,probe01,SGN,0.2150904498693441,0.4263337775606515,0.5164515235457063,0.5006191135734072,0.4683088564892904,0.4945310504709752
0,CSHL052,2020-02-21,4b00df29-3769-43be-bb40-128b1cba6d35,probe01,cpd,0.32853394350937887,0.41894076974168637,0.5018864265927978,0.5020512465373962,0.4732186857367314,0.49571939431749035
0,CSHL052,2020-02-20,83e77b4b-dfa0-4af9-968b-7ea0c7a0c7e4,probe00,CA,0.6251599274846241,0.4361182587975018,0.4851652386780905,0.49937821297429624,0.4859612514248005,0.49366599376087344
0,CSHL052,2020-02-20,83e77b4b-dfa0-4af9-968b-7ea0c7a0c7e4,probe00,CA,0.6239321186088825,0.4375364493499848,0.48461077111383105,0.4989265605875153,0.4860812856200132,0.4946675865378847
0,CSHL052,2020-02-20,83e77b4b-dfa0-4af9-968b-7ea0c7a0c7e4,probe00,DG-mo,0.45852582150683313,0.43457656900506003,0.5007319461444308,0.4993488372093023,0.49124999700042,0.4947239006539085
0,CSHL052,2020-02-20,83e77b4b-dfa0-4af9-968b-7ea0c7a0c7e4,probe00,LGd-co,0.4599387041093414,0.4441100501536887,0.4945924112607099,0.49795104039167687,0.48787797108404823,0.4932665096886436
0,CSHL052,2020-02-20,83e77b4b-dfa0-4af9-968b-7ea0c7a0c7e4,probe00,LGd-ip,0.3917468139211609,0.427562115205105,0.5202729498164015,0.49993145654834764,0.5189356590077389,0.49516088847561346
0,CSHL052,2020-02-20,83e77b4b-dfa0-4af9-968b-7ea0c7a0c7e4,probe00,LGd-sh,0.4393026251791706,0.4321072273842514,0.5052239902080784,0.4995189718482252,0.5074303167556542,0.49515197972283875
0,CSHL052,2020-02-20,83e77b4b-dfa0-4af9-968b-7ea0c7a0c7e4,probe00,TH,0.4479670122724134,0.43368589585326073,0.47408200734394124,0.4988665850673194,0.4562172925790389,0.4951771851940729
0,CSHL052,2020-02-20,83e77b4b-dfa0-4af9-968b-7ea0c7a0c7e4,probe00,ZI,0.49640039704832,0.42292670763724083,0.4961346389228886,0.5002325581395349,0.5068713900053993,0.4943057351970724
0,CSHL052,2020-02-20,83e77b4b-dfa0-4af9-968b-7ea0c7a0c7e4,probe00,ar,0.49071538070801923,0.4324547238991447,0.5072117503059975,0.4993023255813953,0.5072748425220469,0.49406089147519344
0,CSHL052,2020-02-20,83e77b4b-dfa0-4af9-968b-7ea0c7a0c7e4,probe01,CA,0.5296267683863578,0.4431188964892683,0.5093096695226438,0.4994736842105263,0.5175239486471893,0.49449267202591635
0,CSHL052,2020-02-20,83e77b4b-dfa0-4af9-968b-7ea0c7a0c7e4,probe01,CA,0.528103668571771,0.4376625202183186,0.5095605875152999,0.500015911872705,0.5189812496250525,0.49474418081468596
0,CSHL052,2020-02-20,83e77b4b-dfa0-4af9-968b-7ea0c7a0c7e4,probe01,DG-po,0.37561973314037334,0.44162323378356294,0.48133292533659733,0.4988690330477356,0.4638085488031676,0.49374773531705557
0,CSHL052,2020-02-20,83e77b4b-dfa0-4af9-968b-7ea0c7a0c7e4,probe01,DG-sg,0.652270076263902,0.43084475249195975,0.51621664626683,0.5001946144430844,0.5920354430379747,0.4945942468054473
0,CSHL052,2020-02-19,5386aba9-9b97-4557-abcd-abc2da66b863,probe00,LD,0.12230130099396712,0.49987323401351674,0.4774369565217392,0.5030043478260869,0.5346606902021123,0.4964037022262746
0,CSHL052,2020-02-19,5386aba9-9b97-4557-abcd-abc2da66b863,probe00,PO,0.2971844581107822,0.4963010035181143,0.48678260869565215,0.5031565217391304,0.5189952653673733,0.49730139949471924
0,CSHL052,2020-02-19,5386aba9-9b97-4557-abcd-abc2da66b863,probe00,VAL,0.42731372183296384,0.5010932143440974,0.4859913043478261,0.5030467391304347,0.4908569376377175,0.49575141041714155
0,CSHL052,2020-02-19,5386aba9-9b97-4557-abcd-abc2da66b863,probe00,VM,0.4329042317407099,0.4874068386783922,0.4946945652173913,0.5021967391304348,0.5051298699756858,0.49713769850315326
0,NYU-11,2020-02-18,6713a4a7-faed-4df2-acab-ee4e63326f8d,probe00,CA,0.3398640869486895,0.4320238430933537,0.5057986725663717,0.49874778761061944,0.4723219998037484,0.49343214601118635
0,NYU-11,2020-02-18,6713a4a7-faed-4df2-acab-ee4e63326f8d,probe00,CA,0.33846424374110584,0.4376149416417936,0.5060176991150442,0.499108407079646,0.47332294181140216,0.493896477283878
0,NYU-11,2020-02-18,6713a4a7-faed-4df2-acab-ee4e63326f8d,probe00,LGd-co,0.3744339656880423,0.42255704302174707,0.5189314159292036,0.5007146017699114,0.5027783240113826,0.4933799921499362
0,NYU-11,2020-02-18,6713a4a7-faed-4df2-acab-ee4e63326f8d,probe00,LGd-ip,0.33628640669987064,0.43728514492211124,0.47818141592920355,0.5006327433628318,0.45901465999411245,0.4947901579825336
0,NYU-11,2020-02-18,6713a4a7-faed-4df2-acab-ee4e63326f8d,probe00,MGm,0.41875921524641807,0.4324111546737622,0.47665265486725666,0.4994756637168141,0.4568616818761652,0.4936436659797861
0,NYU-11,2020-02-18,6713a4a7-faed-4df2-acab-ee4e63326f8d,probe00,MGv,0.46233125413720166,0.4284702298159113,0.48851991150442475,0.5004933628318584,0.47464996565597095,0.4939542930036307
0,NYU-11,2020-02-18,6713a4a7-faed-4df2-acab-ee4e63326f8d,probe00,TH,0.33972357006196363,0.44607506213136794,0.5049181415929204,0.49791592920353983,0.4896562457069964,0.4926819154155628
0,NYU-11,2020-02-18,6713a4a7-faed-4df2-acab-ee4e63326f8d,probe00,VISa,0.15824888029994436,0.4302798239140306,0.5140663716814159,0.5003075221238938,0.5051711608281817,0.49361220684918067
0,NYU-11,2020-02-18,6713a4a7-faed-4df2-acab-ee4e63326f8d,probe00,VISrl,0.40869783076737565,0.4330037822024488,0.47231858407079647,0.500646017699115,0.45158396624472574,0.49471130409184577
0,NYU-11,2020-02-18,6713a4a7-faed-4df2-acab-ee4e63326f8d,probe00,VISrl,0.408108510318011,0.43545077196739895,0.4747588495575221,0.5001283185840708,0.4528789422039054,0.4941831812383476
0,NYU-11,2020-02-18,6713a4a7-faed-4df2-acab-ee4e63326f8d,probe00,VISrl,0.40281089309413803,0.43441837284254153,0.473646017699115,0.49999778761061947,0.45161349229712494,0.4939764007457561
0,NYU-11,2020-02-18,6713a4a7-faed-4df2-acab-ee4e63326f8d,probe00,VISrl,0.4024725564812594,0.42594436898490945,0.475679203539823,0.5010132743362832,0.45401266804042784,0.49449189480914535
0,CSHL052,2020-02-18,85dc2ebd-8aaf-46b0-9284-a197aee8b16f,probe00,APN,0.6000984787509728,0.47021031360610377,0.4898941176470588,0.4999264705882353,0.47886999505684624,0.4948420445577612
0,CSHL052,2020-02-18,85dc2ebd-8aaf-46b0-9284-a197aee8b16f,probe00,MB,0.42333674978749686,0.46084673678854565,0.48227647058823525,0.49883088235294115,0.459194703887747,0.4935818222025652
0,CSHL052,2020-02-18,85dc2ebd-8aaf-46b0-9284-a197aee8b16f,probe00,MRN,0.47714346677588265,0.47753536679374037,0.4772544117647059,0.5008088235294117,0.45694274180260347,0.4939577663882891
0,CSHL052,2020-02-18,85dc2ebd-8aaf-46b0-9284-a197aee8b16f,probe00,SCig,0.34512882802106254,0.46462937196989174,0.48275441176470585,0.5000249999999999,0.4772227757976256,0.4947610288697523
0,CSHL052,2020-02-18,85dc2ebd-8aaf-46b0-9284-a197aee8b16f,probe00,SCiw,0.5891139476313492,0.46847780824780544,0.4802661764705882,0.49924852941176473,0.4676752304637025,0.49415227515154664
0,CSHL052,2020-02-18,85dc2ebd-8aaf-46b0-9284-a197aee8b16f,probe00,SUB,0.3658823592680646,0.47006072472263843,0.4506470588235294,0.5010749999999999,0.4257029468134003,0.4962088222285818
0,CSHL052,2020-02-18,85dc2ebd-8aaf-46b0-9284-a197aee8b16f,probe00,VISp,0.5191642958312065,0.46924623869680976,0.4879970588235294,0.5012573529411765,0.4612058606724424,0.4951472756285177
0,CSHL052,2020-02-18,85dc2ebd-8aaf-46b0-9284-a197aee8b16f,probe00,VISp,0.522560161870261,0.47181711161445106,0.4887529411764706,0.5006661764705883,0.45939749460155577,0.4943723322146196
0,CSHL052,2020-02-18,85dc2ebd-8aaf-46b0-9284-a197aee8b16f,probe00,VISp,0.5227033519896531,0.4705613458038823,0.48762205882352944,0.500060294117647,0.4606888328086653,0.49473803453269855
0,CSHL052,2020-02-18,85dc2ebd-8aaf-46b0-9284-a197aee8b16f,probe00,VISp,0.5093024516995253,0.4661130952172915,0.4861985294117648,0.5004235294117647,0.45992967279791175,0.4944469998525726
0,CSHL052,2020-02-18,85dc2ebd-8aaf-46b0-9284-a197aee8b16f,probe00,dhc,0.5409689163165106,0.46826211282798386,0.5336426470588235,0.5010588235294118,0.516110570544007,0.4955795891111862
0,CSHL052,2020-02-18,85dc2ebd-8aaf-46b0-9284-a197aee8b16f,probe00,fp,0.2810147401550989,0.48458712183039926,0.46820588235294114,0.5017,0.4565380926364354,0.4948952615101768
0,CSHL052,2020-02-18,85dc2ebd-8aaf-46b0-9284-a197aee8b16f,probe00,scwm,0.5007496251874064,0.47242731225218837,0.5102941176470586,0.5011573529411765,0.514669025504939,0.4948867844351363
0,CSHL054,2020-02-11,a71175be-d1fd-47a3-aa93-b830ea3634a1,probe00,CS,0.44199657107646007,0.4593720204308464,0.4825882352941177,0.4998522875816993,0.45937796665845443,0.49688340039966056
0,CSHL054,2020-02-11,a71175be-d1fd-47a3-aa93-b830ea3634a1,probe00,MB,0.44952190224077654,0.45088765730583147,0.5022509803921569,0.4995294117647059,0.5016374757055652,0.49500452697708797
0,CSHL054,2020-02-11,a71175be-d1fd-47a3-aa93-b830ea3634a1,probe00,MRN,0.617584257139241,0.44859041367308394,0.5169137254901961,0.5000039215686275,0.5159057752319947,0.49741823725055434
0,CSHL054,2020-02-11,a71175be-d1fd-47a3-aa93-b830ea3634a1,probe00,SCdg,0.6026947722977299,0.4559518789351441,0.5053921568627451,0.5007856209150328,0.474981002436287,0.4972934870384057
0,CSHL054,2020-02-11,a71175be-d1fd-47a3-aa93-b830ea3634a1,probe00,SCig,0.12687077852310427,0.4569894313016883,0.49070980392156865,0.500640522875817,0.5075752477348006,0.4959408344967288
0,CSHL054,2020-02-11,a71175be-d1fd-47a3-aa93-b830ea3634a1,probe00,SCiw,0.22303575390073285,0.4551822843220008,0.4995529411764706,0.5002209150326797,0.5115490473844132,0.49638854671375
0,CSHL054,2020-02-11,a71175be-d1fd-47a3-aa93-b830ea3634a1,probe00,tspc,0.5507817595258343,0.43835044755432717,0.49692156862745096,0.49903267973856213,0.48233862336098104,0.4962788419424598
0,CSHL054,2020-02-11,a71175be-d1fd-47a3-aa93-b830ea3634a1,probe01,MB,0.18180521208022263,0.45831070453626216,0.4815895424836602,0.50020522875817,0.4860426350223098,0.49593128096685
0,CSHL054,2020-02-11,a71175be-d1fd-47a3-aa93-b830ea3634a1,probe01,MRN,0.4711985972464156,0.4605320058992729,0.5062326797385621,0.5004300653594771,0.5039583367550847,0.49667683953354685
0,CSHL054,2020-02-11,a71175be-d1fd-47a3-aa93-b830ea3634a1,probe01,RSPd,0.4832864257552574,0.47212282338007866,0.4849594771241831,0.5001215686274509,0.46349077153650325,0.4955117639812762
0,CSHL054,2020-02-11,a71175be-d1fd-47a3-aa93-b830ea3634a1,probe01,RSPd,0.46901347967088985,0.4621957350249335,0.48528235294117655,0.4995973856209151,0.4635947448742164,0.4945589533546851
0,CSHL054,2020-02-11,a71175be-d1fd-47a3-aa93-b830ea3634a1,probe01,SCig,0.4775961102270766,0.4656904068310835,0.49781307189542484,0.4992718954248366,0.4881233609810846,0.49381645383373024
0,CSHL054,2020-02-11,a71175be-d1fd-47a3-aa93-b830ea3634a1,probe01,SCiw,0.5769601988124271,0.47581298415970746,0.48245359477124183,0.5007633986928105,0.4354853001560318,0.49481180709534367
0,CSHL054,2020-02-11,a71175be-d1fd-47a3-aa93-b830ea3634a1,probe01,VISp,0.555639126551931,0.462612422585368,0.5212235294117648,0.49950326797385625,0.5191528325258,0.49474890846130687
0,CSHL054,2020-02-11,a71175be-d1fd-47a3-aa93-b830ea3634a1,probe01,VISp,0.5569481473955685,0.45763388202416094,0.5215973856209151,0.4997490196078431,0.5191345261558676,0.49632129219019466
0,CSHL054,2020-02-11,a71175be-d1fd-47a3-aa93-b830ea3634a1,probe01,VISp,0.5667122055923219,0.4695649330731874,0.5199124183006536,0.49997516339869286,0.5162637725493416,0.49504925611124795
0,DY_011,2020-02-08,cf43dbb1-6992-40ec-a5f9-e8e838d0f643,probe00,CM,0.6550522648083621,0.4455721426544103,0.6826923076923077,0.5009423076923076,0.6679301252471987,0.4963104400131839
0,DY_011,2020-02-08,cf43dbb1-6992-40ec-a5f9-e8e838d0f643,probe00,MOp,0.3716367328478716,0.4318413482940716,0.46396474358974354,0.4992371794871795,0.43657521011865524,0.49514152109426507
0,DY_011,2020-02-08,cf43dbb1-6992-40ec-a5f9-e8e838d0f643,probe00,MOp,0.37069416958946505,0.43168650622280336,0.4647147435897436,0.49822435897435896,0.43984545978905737,0.49255026367831245
0,DY_011,2020-02-08,cf43dbb1-6992-40ec-a5f9-e8e838d0f643,probe00,MOp,0.37128457124258124,0.42644230203793676,0.46658974358974364,0.49818269230769224,0.43843605800922875,0.49326437870797624
0,DY_011,2020-02-08,cf43dbb1-6992-40ec-a5f9-e8e838d0f643,probe00,PVT,0.3829599249107522,0.4414422184702107,0.50975,0.501474358974359,0.5094039428147659,0.4964104111733685
0,DY_011,2020-02-08,cf43dbb1-6992-40ec-a5f9-e8e838d0f643,probe00,V,0.5496959619266049,0.43836196736143423,0.4848525641025641,0.5004711538461538,0.43665031723796965,0.494866801252472
0,DY_011,2020-02-08,cf43dbb1-6992-40ec-a5f9-e8e838d0f643,probe00,fi,0.22198443498299647,0.439883640747224,0.42199358974358975,0.5000865384615385,0.45700510876730394,0.49343799439683583
0,DY_011,2020-02-07,741979ce-3f10-443a-8526-2275620c8473,probe00,AV,0.48381343197594123,0.3976549219538641,0.477483870967742,0.5014573055028462,0.48270804814727397,0.495537202029738
0,DY_011,2020-02-07,741979ce-3f10-443a-8526-2275620c8473,probe00,SSp-ll,0.5635011086566057,0.40260216431807566,0.4927988614800759,0.5008102466793168,0.5400596751829124,0.4949301466249705
0,DY_011,2020-02-07,741979ce-3f10-443a-8526-2275620c8473,probe00,SSp-ll,0.5628211489265618,0.3984673512490169,0.4924667931688805,0.5012447817836813,0.5399269014042954,0.49359976840925185
0,DY_011,2020-02-07,741979ce-3f10-443a-8526-2275620c8473,probe00,SSp-ll,0.565995353269346,0.3950649172559426,0.49081593927893735,0.5024857685009487,0.5403889544489024,0.49529069801746517
0,DY_011,2020-02-07,741979ce-3f10-443a-8526-2275620c8473,probe00,SSp-ll,0.5630779832522814,0.39350107138671936,0.493370018975332,0.5036489563567362,0.5400916406065612,0.4966813488317206
0,DY_011,2020-02-07,741979ce-3f10-443a-8526-2275620c8473,probe00,SSp-ll,0.567364161389555,0.3918341150944649,0.49164326375711576,0.5039999999999999,0.5414013969199906,0.4954923663559122
0,DY_011,2020-02-07,741979ce-3f10-443a-8526-2275620c8473,probe00,VAL,0.40331201951045853,0.40509873438390254,0.5329734345351044,0.4995009487666034,0.5215106797262213,0.49392250560538115
0,DY_011,2020-02-07,741979ce-3f10-443a-8526-2275620c8473,probe00,VL,0.5514781342596174,0.3934025565986008,0.5124914611005693,0.5036110056925996,0.5474072530682087,0.4956241665683266
0,DY_011,2020-02-07,741979ce-3f10-443a-8526-2275620c8473,probe00,ccb,0.5169932358727194,0.401184031705701,0.5585407969639469,0.5010664136622391,0.5740760487963181,0.4945364939815908
0,DY_011,2020-02-07,741979ce-3f10-443a-8526-2275620c8473,probe00,chpl,0.586863084438186,0.39027369884849655,0.4636034155597723,0.5035445920303605,0.48182616680434276,0.4948895887420344
0,DY_011,2020-02-07,741979ce-3f10-443a-8526-2275620c8473,probe00,fi,0.5639352962489481,0.3944090720185217,0.4726603415559772,0.5019525616698293,0.556453615470852,0.4929734776964833
0,CSHL051,2020-02-05,ecb5520d-1358-434c-95ec-93687ecd1396,probe00,APN,0.31119769131630154,0.41346307134679117,0.5454738095238094,0.498547619047619,0.5090254202116622,0.49242068432823777
0,CSHL051,2020-02-05,ecb5520d-1358-434c-95ec-93687ecd1396,probe00,CA,0.3361374771401796,0.4136786898726056,0.4840190476190476,0.5010071428571429,0.4238060224574024,0.49505574001060615
0,CSHL051,2020-02-05,ecb5520d-1358-434c-95ec-93687ecd1396,probe00,DG-sg,0.3626872849648237,0.4061650761517269,0.5117190476190475,0.5019976190476191,0.4623010536994766,0.49332942519194856
0,CSHL051,2020-02-05,ecb5520d-1358-434c-95ec-93687ecd1396,probe00,MB,0.37310629597711054,0.4151170187895096,0.542592857142857,0.4985357142857143,0.48593209748449423,0.4929833990454451
0,CSHL051,2020-02-05,ecb5520d-1358-434c-95ec-93687ecd1396,probe00,VISa,0.3139474405885365,0.40704080069669885,0.44291904761904766,0.5021523809523809,0.3993587766018768,0.49371113186230436
0,CSHL051,2020-02-05,ecb5520d-1358-434c-95ec-93687ecd1396,probe00,VISa,0.3131917373665886,0.3963836780125474,0.44598333333333334,0.5028928571428571,0.4008439625556247,0.4919803670655507
0,CSHL051,2020-02-05,ecb5520d-1358-434c-95ec-93687ecd1396,probe00,VISa,0.31584227335323883,0.4201425438735725,0.44611428571428574,0.4988261904761904,0.4012125383320652,0.4948233842890411
0,CSHL051,2020-02-05,ecb5520d-1358-434c-95ec-93687ecd1396,probe00,VISa,0.3218592313158043,0.41421554061804794,0.44485,0.5000119047619047,0.4015522123077632,0.4945276567291507
0,CSHL051,2020-02-05,ecb5520d-1358-434c-95ec-93687ecd1396,probe00,VISa,0.3213967211009519,0.414489574338659,0.4418571428571429,0.4997,0.3988502686126674,0.4948048004426921
0,CSHL051,2020-02-05,ecb5520d-1358-434c-95ec-93687ecd1396,probe01,APN,0.3492803947632495,0.4098314168536109,0.4969452380952381,0.49965714285714286,0.45713287680708303,0.4912018514675705
0,CSHL051,2020-02-05,ecb5520d-1358-434c-95ec-93687ecd1396,probe01,CA,0.2931013974188232,0.4128940746373751,0.505447619047619,0.49923333333333336,0.4448822485070669,0.49272787115814715
0,CSHL051,2020-02-05,ecb5520d-1358-434c-95ec-93687ecd1396,probe01,DG-mo,0.29473542947505926,0.41177541826798003,0.5728928571428571,0.5004119047619048,0.469443637453598,0.4918719766664361
0,CSHL051,2020-02-05,ecb5520d-1358-434c-95ec-93687ecd1396,probe01,DG-po,0.5101105439789594,0.4115469037935916,0.4974690476190476,0.5003238095238095,0.4987411403933504,0.49223494962071423
0,CSHL051,2020-02-05,ecb5520d-1358-434c-95ec-93687ecd1396,probe01,DG-sg,0.2694707950731972,0.4159604474173886,0.5316404761904762,0.49933571428571427,0.4513910562357335,0.49321168522745606
0,CSHL051,2020-02-05,ecb5520d-1358-434c-95ec-93687ecd1396,probe01,MRN,0.5085448666132831,0.41646815370529755,0.476604761904762,0.5001309523809524,0.44171799128449885,0.49267518618431666
0,CSHL051,2020-02-05,ecb5520d-1358-434c-95ec-93687ecd1396,probe01,VISa,0.12087116018332164,0.416949430504327,0.5699999999999998,0.4986119047619047,0.45549640312651307,0.49171723040741505
0,CSHL051,2020-02-05,ecb5520d-1358-434c-95ec-93687ecd1396,probe01,VISa,0.12266853432185292,0.4123601634189889,0.5692547619047619,0.5005928571428572,0.4546366466071799,0.4921112033386364
0,CSHL051,2020-02-05,ecb5520d-1358-434c-95ec-93687ecd1396,probe01,VISa,0.12267335054177855,0.4076090935486154,0.5698976190476189,0.50155,0.45563414493555604,0.49213383366765817
0,CSHL051,2020-02-05,ecb5520d-1358-434c-95ec-93687ecd1396,probe01,VISam,0.28816494146439886,0.40762840000508754,0.5427357142857143,0.5004285714285714,0.48429534712134836,0.4910419635240138
0,CSHL051,2020-02-05,ecb5520d-1358-434c-95ec-93687ecd1396,probe01,VISam,0.2847170389719188,0.41017134675079353,0.5438761904761905,0.5019309523809523,0.4895181803509257,0.49318845541951994
0,CSHL051,2020-02-05,ecb5520d-1358-434c-95ec-93687ecd1396,probe01,alv,0.2684720344737775,0.41281850786129237,0.46229761904761907,0.5013761904761904,0.3426786562449563,0.4942285398077056
0,CSHL051,2020-02-05,ecb5520d-1358-434c-95ec-93687ecd1396,probe01,ccs,0.2717907038836025,0.4044310043304772,0.5190380952380952,0.5009428571428571,0.4334359825689977,0.4917264416315049
0,DY_010,2020-02-04,202128f9-02af-4c6c-b6ce-25740e6ba8cd,probe00,DG-mo,0.43250751750294514,0.3867544754927518,0.5034934497816593,0.5001026200873362,0.4983205670426065,0.49569348175125316
0,DY_010,2020-02-04,202128f9-02af-4c6c-b6ce-25740e6ba8cd,probe00,MB,0.3817223122743796,0.4019196289078554,0.594764192139738,0.49539737991266375,0.5939039199561403,0.4956270461309524
0,DY_010,2020-02-04,202128f9-02af-4c6c-b6ce-25740e6ba8cd,probe00,ProS,0.338707045194175,0.39371714954684633,0.5545938864628822,0.49820960698689953,0.531462425595238,0.49523767426378446
0,DY_010,2020-02-04,202128f9-02af-4c6c-b6ce-25740e6ba8cd,probe00,SUB,0.4745348393550046,0.4084327763396692,0.4577882096069869,0.49322489082969434,0.507749843358396,0.4948765076754386
0,DY_010,2020-02-04,202128f9-02af-4c6c-b6ce-25740e6ba8cd,probe00,VISp,0.442643179233959,0.4026142583216426,0.495910480349345,0.4964650655021834,0.49607339638157893,0.4962053375626566
0,DY_010,2020-02-04,202128f9-02af-4c6c-b6ce-25740e6ba8cd,probe00,VISp,0.44003825890330595,0.3998797496254149,0.4998275109170305,0.4963034934497817,0.49835484218358395,0.4956564262218045
0,DY_010,2020-02-04,202128f9-02af-4c6c-b6ce-25740e6ba8cd,probe00,VISp,0.4498981170008402,0.40761578913017704,0.4961637554585153,0.49498471615720524,0.49900090068922304,0.49705121201441105
0,DY_010,2020-02-04,202128f9-02af-4c6c-b6ce-25740e6ba8cd,probe00,fp,0.4897459605714327,0.3944433371491469,0.45205676855895194,0.49803930131004365,0.48042188479010023,0.4951984257518797
0,DY_010,2020-02-04,202128f9-02af-4c6c-b6ce-25740e6ba8cd,probe00,or,0.4964941854015826,0.40440229433294805,0.48641703056768565,0.4944934497816594,0.5509507068452381,0.49460450932017547
0,DY_010,2020-02-04,202128f9-02af-4c6c-b6ce-25740e6ba8cd,probe00,root,0.29115340825368696,0.39389795048654735,0.5860829694323145,0.4974432314410481,0.5661506598527569,0.49620066768483706
0,DY_011,2020-02-01,36280321-555b-446d-9b7d-c2e17991e090,probe00,LSc,0.23628680267862637,0.38422375958687965,0.5536437768240343,0.5042081545064377,0.4466193829835767,0.49465530907846716
0,DY_011,2020-02-01,36280321-555b-446d-9b7d-c2e17991e090,probe00,LSr,0.4359944538376401,0.39161129742959555,0.484255364806867,0.5016287553648069,0.4947519958941606,0.4935636880322385
0,DY_011,2020-02-01,36280321-555b-446d-9b7d-c2e17991e090,probe00,MOp,0.292121547589166,0.38693506272049566,0.5594248927038626,0.5030493562231759,0.506604024102798,0.4942099395529197
0,DY_011,2020-02-01,36280321-555b-446d-9b7d-c2e17991e090,probe00,MOp,0.2801611273810592,0.38973189575682954,0.5681866952789698,0.5021180257510729,0.5096273855687349,0.494557149102798
0,DY_011,2020-02-01,36280321-555b-446d-9b7d-c2e17991e090,probe00,MOp,0.2996491224361955,0.38206768817994946,0.5621330472103004,0.5031673819742489,0.5103768533302919,0.4938172901459854
0,DY_011,2020-02-01,36280321-555b-446d-9b7d-c2e17991e090,probe00,MOp,0.28520793937498806,0.38732229720063477,0.5648004291845493,0.5036802575107295,0.5106226999695864,0.4941169213807786
0,DY_011,2020-02-01,36280321-555b-446d-9b7d-c2e17991e090,probe00,MOs,0.34467660541245665,0.38753738221486617,0.5869227467811159,0.5016030042918456,0.5694037979014598,0.4934529349148419
0,DY_011,2020-02-01,36280321-555b-446d-9b7d-c2e17991e090,probe00,MOs,0.34005778291085814,0.38944916979788946,0.592137339055794,0.5018755364806867,0.5727760511709246,0.4931597950881995
0,DY_011,2020-02-01,36280321-555b-446d-9b7d-c2e17991e090,probe00,TRS,0.14916708204818643,0.39135141482618385,0.5639849785407726,0.5013927038626609,0.44212125532238444,0.49286425068430656
0,DY_011,2020-02-01,36280321-555b-446d-9b7d-c2e17991e090,probe00,VL,0.3554672859042144,0.3924137517051577,0.6094635193133047,0.501695278969957,0.5577500095042578,0.4945189229774939
0,DY_011,2020-02-01,36280321-555b-446d-9b7d-c2e17991e090,probe00,cing,0.17490908803354135,0.3893159203115225,0.5791330472103005,0.5023412017167381,0.45811640815085153,0.4949137393552312
0,DY_011,2020-02-01,36280321-555b-446d-9b7d-c2e17991e090,probe00,fi,0.2238753559389391,0.38702237548280355,0.5723454935622317,0.5034635193133048,0.5071638629105839,0.4949042636100974
0,DY_011,2020-01-31,7bee9f09-a238-42cf-b499-f51f765c6ded,probe00,BST,0.4571955734262408,0.4209311999713407,0.491841225626741,0.496008356545961,0.5003194488238633,0.49389414769502427
0,DY_011,2020-01-31,7bee9f09-a238-42cf-b499-f51f765c6ded,probe00,CP,0.31916690014862725,0.4107522937857955,0.5172089136490251,0.49981894150417827,0.48000089865674467,0.49557622816421765
0,DY_011,2020-01-31,7bee9f09-a238-42cf-b499-f51f765c6ded,probe00,MOp,0.38061191541197936,0.4189393900175663,0.5104568245125348,0.4973649025069638,0.4981490508923504,0.4955585861133884
0,DY_011,2020-01-31,7bee9f09-a238-42cf-b499-f51f765c6ded,probe00,MOp,0.3750599926120864,0.41616371975798216,0.5107688022284124,0.4984428969359332,0.49835738159803245,0.49488519265939335
0,DY_011,2020-01-31,7bee9f09-a238-42cf-b499-f51f765c6ded,probe00,MOp,0.37309514652500575,0.41885672135530005,0.5090194986072424,0.49806685236768805,0.4963478116919972,0.495752853629312
0,DY_011,2020-01-31,7bee9f09-a238-42cf-b499-f51f765c6ded,probe00,STR,0.4814829610506039,0.4218900947020048,0.4683509749303621,0.4972089136490251,0.46307097811691994,0.49586857539257106
0,ZM_2241,2020-01-31,f8d5c8b0-b931-4151-b86c-c471e2e80e5d,probe00,HY,0.5442622942214939,0.3978089337218879,0.47027116212338593,0.5054232424677187,0.4854377831470855,0.49579539162388003
0,ZM_2241,2020-01-31,f8d5c8b0-b931-4151-b86c-c471e2e80e5d,probe00,LHA,0.3855850883574599,0.3926481773778817,0.5180014347202295,0.5060416068866571,0.4895087586831773,0.4929288524782711
0,ZM_2241,2020-01-31,f8d5c8b0-b931-4151-b86c-c471e2e80e5d,probe00,MD,0.4511918613729382,0.38843936854429034,0.5000272596843616,0.5074820659971305,0.4952197221383268,0.49481222943722947
0,ZM_2241,2020-01-31,f8d5c8b0-b931-4151-b86c-c471e2e80e5d,probe00,MH,0.4779412998201693,0.3816521267504982,0.5093859397417504,0.5085609756097561,0.513087574247458,0.4952260730225846
0,ZM_2241,2020-01-31,f8d5c8b0-b931-4151-b86c-c471e2e80e5d,probe00,PCN,0.27311344411496224,0.4017975448603073,0.5361047345767576,0.5040100430416069,0.46332767039162387,0.49641991341991343
0,ZM_2241,2020-01-31,f8d5c8b0-b931-4151-b86c-c471e2e80e5d,probe00,PeF,0.38867599445308154,0.3891933164849197,0.4938622668579627,0.5065638450502152,0.4735171062787342,0.49430972515856236
0,ZM_2241,2020-01-31,f8d5c8b0-b931-4151-b86c-c471e2e80e5d,probe00,SMT,0.4768858885035747,0.38814299287035314,0.4927890961262553,0.5080616929698709,0.5018281066478741,0.4954824826336454
0,ZM_2241,2020-01-31,f8d5c8b0-b931-4151-b86c-c471e2e80e5d,probe00,VM,0.29481146600954933,0.3952939747038677,0.5324461979913917,0.5054533715925394,0.4906739739588577,0.4950110951709789
0,ZM_2241,2020-01-31,f8d5c8b0-b931-4151-b86c-c471e2e80e5d,probe00,ZI,0.1645719961715987,0.3963649666557734,0.5418665710186512,0.5061061692969872,0.46817398654317266,0.4965311713480318
0,ZM_2241,2020-01-31,f8d5c8b0-b931-4151-b86c-c471e2e80e5d,probe01,APN,0.46721400195496515,0.3711417511078332,0.49932424677187953,0.5112338593974175,0.502593451122521,0.49411205073995773
0,ZM_2241,2020-01-31,f8d5c8b0-b931-4151-b86c-c471e2e80e5d,probe01,CA,0.5502189905017105,0.37255720119147145,0.47105882352941175,0.5129311334289814,0.5175133100104031,0.4954191248028457
0,ZM_2241,2020-01-31,f8d5c8b0-b931-4151-b86c-c471e2e80e5d,probe01,MRN,0.43572643581811743,0.37435154280932614,0.48991965566714485,0.5124791965566715,0.4799285294808551,0.49600291117151585
0,ZM_2241,2020-01-31,f8d5c8b0-b931-4151-b86c-c471e2e80e5d,probe01,RN,0.48311219319496684,0.375528443017915,0.5053142037302726,0.5118866571018651,0.5125119383200779,0.4949544993120575
0,ZM_2241,2020-01-31,f8d5c8b0-b931-4151-b86c-c471e2e80e5d,probe01,bsc,0.3058466444648606,0.3766785550906837,0.5211965566714492,0.5112725968436155,0.41343832846739825,0.4938851219839592
0,ZM_2241,2020-01-31,f8d5c8b0-b931-4151-b86c-c471e2e80e5d,probe01,ml,0.45279784703886405,0.3654936482084894,0.535522238163558,0.5144791965566715,0.5408748699620793,0.4962584608543911
0,DY_010,2020-01-31,097afc11-4214-4879-bd7a-643a4d16396e,probe00,APN,0.31951692930879266,0.266242026972272,0.38980769230769224,0.5146634615384615,0.4551995472000917,0.49040568579125354
0,DY_010,2020-01-31,097afc11-4214-4879-bd7a-643a4d16396e,probe00,MRN,0.23328155284074978,0.2644831049155955,0.44029807692307693,0.5206858974358974,0.379689946695707,0.4892841462715653
0,DY_010,2020-01-31,097afc11-4214-4879-bd7a-643a4d16396e,probe00,NOT,0.23527302707193395,0.2676660966896248,0.47125961538461536,0.512625,0.41388164154295864,0.49074952713933623
0,DY_010,2020-01-31,097afc11-4214-4879-bd7a-643a4d16396e,probe00,SUB,0.2579476349589469,0.2645045406046428,0.4541538461538462,0.522948717948718,0.4201708316616036,0.49132260560554825
0,DY_010,2020-01-31,097afc11-4214-4879-bd7a-643a4d16396e,probe00,cing,0.38166750480872685,0.26395869746487827,0.3424230769230769,0.5183846153846154,0.5903008253567948,0.4892223018283946
0,DY_010,2020-01-31,097afc11-4214-4879-bd7a-643a4d16396e,probe00,dhc,0.28135016820778813,0.2731210584481629,0.3617019230769231,0.5028525641025641,0.3706607153092222,0.4888007966985728
0,DY_010,2020-01-31,097afc11-4214-4879-bd7a-643a4d16396e,probe00,fp,0.3660195535818078,0.27094195321600917,0.3012660256410256,0.5091538461538462,0.4831494239697369,0.48894360061901754
0,DY_010,2020-01-31,097afc11-4214-4879-bd7a-643a4d16396e,probe00,root,0.23359992046772907,0.2705952314320244,0.5115032051282051,0.5085673076923077,0.43319524846678514,0.49126594830056747
0,DY_011,2020-01-30,2199306e-488a-40ab-93cb-2d2264775578,probe00,CP,0.5449847294212425,0.4627781631322118,0.5083940774487472,0.5020888382687928,0.47809225557640195,0.49529322493224925
0,DY_011,2020-01-30,2199306e-488a-40ab-93cb-2d2264775578,probe00,LSv,0.44471948869983835,0.44487560295796663,0.48992938496583144,0.4996742596810934,0.470344413174901,0.4936104336043361
0,DY_011,2020-01-30,2199306e-488a-40ab-93cb-2d2264775578,probe00,MOs,0.5942207549227354,0.4496807141690512,0.5210296127562642,0.5010182232346242,0.5017639774859287,0.4967072545340838
0,DY_011,2020-01-30,2199306e-488a-40ab-93cb-2d2264775578,probe00,MOs,0.5883171902104349,0.4450343905829938,0.5213234624145787,0.5005603644646925,0.5018863456326871,0.496687888263498
0,DY_011,2020-01-30,2199306e-488a-40ab-93cb-2d2264775578,probe00,STR,0.40055716522717966,0.42702806055913295,0.5000478359908884,0.49941230068337134,0.5122166458203044,0.49612112778820094
0,DY_011,2020-01-30,2199306e-488a-40ab-93cb-2d2264775578,probe00,VL,0.033104024255566515,0.43720848461130274,0.468876993166287,0.5001890660592255,0.4844756722951845,0.49645843235355425
0,DY_011,2020-01-30,2199306e-488a-40ab-93cb-2d2264775578,probe00,ccg,0.5625922981718227,0.41790530915031004,0.5320774487471527,0.49706833712984055,0.5334583489681051,0.49548789868667914
0,DY_011,2020-01-30,2199306e-488a-40ab-93cb-2d2264775578,probe00,cing,0.3993988673240603,0.42256683256752725,0.49974487471526197,0.49841457858769933,0.5156689180737961,0.4950661142380655
0,CSHL053,2020-01-30,0deb75fb-9088-42d9-b744-012fb8fc4afb,probe00,CA,0.3847660792622329,0.4431899849791142,0.45203108808290154,0.4997426597582038,0.40939338770928374,0.4941710872005541
0,CSHL053,2020-01-30,0deb75fb-9088-42d9-b744-012fb8fc4afb,probe00,DG-mo,0.47543456993755173,0.44335878304944265,0.4459067357512954,0.4981778929188255,0.4301803601710096,0.49209283718264113
0,CSHL053,2020-01-30,0deb75fb-9088-42d9-b744-012fb8fc4afb,probe00,DG-sg,0.36023670355788473,0.4393864844894238,0.4805423143350605,0.5007668393782384,0.4604204065060069,0.49487929016694926
0,CSHL053,2020-01-30,0deb75fb-9088-42d9-b744-012fb8fc4afb,probe00,LH,0.33147089562773924,0.44458747943360366,0.4212020725388601,0.4992452504317789,0.37986679285390146,0.49444906135804534
0,CSHL053,2020-01-30,0deb75fb-9088-42d9-b744-012fb8fc4afb,probe00,LP,0.33062429873897586,0.4416266973562799,0.42226079447322973,0.4988134715025907,0.38634172060474337,0.4934736021877762
0,CSHL053,2020-01-30,0deb75fb-9088-42d9-b744-012fb8fc4afb,probe00,MD,0.30678810155334896,0.4433762793040293,0.48164594127806565,0.4999550949913644,0.5001881941293082,0.4945874334232965
0,CSHL053,2020-01-30,0deb75fb-9088-42d9-b744-012fb8fc4afb,probe00,SSp-tr,0.5548320257515661,0.44001381650903737,0.4663644214162349,0.4996614853195164,0.47744363371468146,0.4946872148845208
0,CSHL053,2020-01-30,0deb75fb-9088-42d9-b744-012fb8fc4afb,probe00,SSp-tr,0.5575679870260627,0.44373142400255045,0.46556994818652847,0.49934715025906734,0.47634596598915663,0.49338246674150327
0,CSHL053,2020-01-30,0deb75fb-9088-42d9-b744-012fb8fc4afb,probe00,SSp-tr,0.5523731546873489,0.43446790458649004,0.4683195164075993,0.49898100172711574,0.47726743533401805,0.4927296388736297
0,CSHL053,2020-01-30,0deb75fb-9088-42d9-b744-012fb8fc4afb,probe00,alv,0.36963243250070227,0.4343725728620724,0.43586010362694305,0.5000138169257341,0.4371907616613724,0.49379807255965036
0,CSHL053,2020-01-30,0deb75fb-9088-42d9-b744-012fb8fc4afb,probe00,ccb,0.576419213973799,0.44349364180033807,0.4974093264248704,0.4996735751295337,0.4702106570493683,0.4946266808378514
0,CSHL053,2020-01-30,0deb75fb-9088-42d9-b744-012fb8fc4afb,probe00,cing,0.28515054906512866,0.45179899196544954,0.3747772020725388,0.4988963730569949,0.3048336358642433,0.49432500179130145
0,CSHL053,2020-01-30,0deb75fb-9088-42d9-b744-012fb8fc4afb,probe00,fr,0.32986420210741996,0.4457922649137308,0.413740932642487,0.4997582037996546,0.3466182318660584,0.4945814743605054
0,CSHL053,2020-01-30,0deb75fb-9088-42d9-b744-012fb8fc4afb,probe01,CA,0.305660769791001,0.43710460050625344,0.38724870466321243,0.4993989637305699,0.3586349148534715,0.494703085815281
0,CSHL053,2020-01-30,0deb75fb-9088-42d9-b744-012fb8fc4afb,probe01,CA,0.30027139815198517,0.4468262429065115,0.3879050086355786,0.49905008635578585,0.357166925410208,0.4957203479901598
0,CSHL053,2020-01-30,0deb75fb-9088-42d9-b744-012fb8fc4afb,probe01,CA,0.3047912826718307,0.4416082865262003,0.3894801381692573,0.5000880829015544,0.3593446463970957,0.49509248489335783
0,CSHL053,2020-01-30,0deb75fb-9088-42d9-b744-012fb8fc4afb,probe01,COApm,0.3008288346336965,0.446007091929505,0.4724835924006909,0.49973920552677026,0.4445810981872029,0.4954175284816929
0,CSHL053,2020-01-30,0deb75fb-9088-42d9-b744-012fb8fc4afb,probe01,HPF,0.3490339610241028,0.446251907354186,0.3781571675302245,0.4989948186528497,0.33521096754161794,0.4944051087917075
0,CSHL053,2020-01-30,0deb75fb-9088-42d9-b744-012fb8fc4afb,probe01,PA,0.3634582077197068,0.4504893392718328,0.3675164075993091,0.49806563039723667,0.32921638921397695,0.4942739079032219
0,CSHL053,2020-01-30,0deb75fb-9088-42d9-b744-012fb8fc4afb,probe01,TH,0.2591655088359007,0.44334478408654765,0.48051122625215886,0.5006666666666666,0.5061341386228474,0.49598879839499393
0,CSHL053,2020-01-30,0deb75fb-9088-42d9-b744-012fb8fc4afb,probe01,ZI,0.37297417678965333,0.44461807012234494,0.4346062176165803,0.49935578583765117,0.39827844586687045,0.49441909288495073
0,CSHL053,2020-01-30,0deb75fb-9088-42d9-b744-012fb8fc4afb,probe01,ar,0.5416869435210939,0.44852344426285085,0.4616493955094992,0.49865803108808293,0.38822206166853757,0.494058957701402
0,CSHL053,2020-01-30,0deb75fb-9088-42d9-b744-012fb8fc4afb,probe01,cpd,0.4087300905375124,0.4474275903637955,0.40128324697754747,0.4991571675302245,0.38625755929207767,0.4948410279681865
